Text,IsToxic,IsAbusive,IsThreat,IsProvocative,IsObscene,IsRacist,IsNationalist,IsSexist,IsHomophobic,IsReligiousHate,IsRadicalism,cleaned_text,semantic_tokens,processed_text,IsHatespeech
470,1,1,0,0,0,1,0,0,0,0,0,551,574,574,1
488,1,0,0,0,0,0,0,0,0,1,0,580,337,337,1
5,1,1,0,0,1,0,0,0,0,0,0,166,562,562,0
529,0,0,0,0,0,0,0,0,0,0,0,234,537,537,0
196,0,0,0,0,0,0,0,0,0,0,0,225,391,391,0
37,1,1,0,0,0,0,0,0,0,0,0,8,2,2,0
184,0,0,0,0,0,0,0,0,0,0,0,195,336,336,0
119,0,0,0,0,0,0,0,0,0,0,0,120,209,209,0
476,0,0,0,0,0,0,0,0,0,0,0,561,476,476,0
455,1,1,0,0,0,0,0,0,0,0,0,533,68,68,0
105,0,0,0,0,0,0,0,0,0,0,0,105,374,374,0
505,1,0,0,0,0,1,0,0,0,0,0,28,375,375,1
368,0,0,0,0,0,0,0,0,0,0,0,420,93,93,0
161,1,1,0,1,0,1,0,0,0,0,0,169,151,151,1
540,0,0,0,0,0,0,0,0,0,0,0,280,319,319,0
426,0,0,0,0,0,0,0,0,0,0,0,496,358,358,0
473,0,0,0,0,0,0,0,0,0,0,0,557,257,257,0
397,1,1,0,1,0,1,1,0,0,0,0,458,73,73,1
72,1,1,1,0,0,0,0,0,0,0,0,56,71,71,0
348,1,1,0,0,0,0,0,0,0,0,0,398,355,355,0
254,1,1,0,0,0,0,0,0,0,0,0,283,320,320,0
514,0,0,0,0,0,0,0,0,0,0,0,85,22,22,0
233,0,0,0,0,0,0,0,0,0,0,0,243,178,178,0
378,0,0,0,0,0,0,0,0,0,0,0,430,148,148,0
210,0,0,0,0,0,0,0,0,0,0,0,215,99,99,0
214,1,0,0,0,0,1,0,0,0,0,0,219,1,1,1
453,1,1,0,1,0,0,0,0,0,0,0,529,62,62,0
98,0,0,0,0,0,0,0,0,0,0,0,97,447,448,0
305,1,0,0,0,0,1,0,0,0,0,0,343,373,373,1
429,1,1,0,0,0,0,0,0,0,0,0,501,134,134,0
204,1,0,0,0,0,1,0,0,0,0,0,206,48,49,1
299,0,0,0,0,0,0,0,0,0,0,0,339,364,364,0
394,1,0,0,0,0,1,0,0,0,0,0,454,575,575,1
520,0,0,0,0,0,0,0,0,0,0,0,125,329,329,0
547,0,0,0,0,0,0,0,0,0,0,0,341,377,377,0
250,1,1,0,0,0,0,0,0,0,0,0,269,288,288,0
150,0,0,0,0,0,0,0,0,0,0,0,156,37,37,0
211,1,1,0,1,0,0,0,0,0,0,0,216,254,254,0
466,0,0,0,0,0,0,0,0,0,0,0,548,80,80,0
356,1,1,0,0,1,0,0,0,0,0,0,460,173,173,0
421,0,0,0,0,0,0,0,0,0,0,0,490,589,589,0
163,1,1,0,0,0,0,0,0,0,0,0,172,230,230,0
155,0,0,0,0,0,0,0,0,0,0,0,162,187,187,0
218,0,0,0,0,0,0,0,0,0,0,0,229,242,242,0
97,1,0,0,0,0,1,0,0,0,0,0,96,528,528,1
506,0,0,0,0,0,0,0,0,0,0,0,38,32,32,0
64,1,1,0,1,0,0,0,0,0,0,0,46,47,48,0
469,1,0,0,0,0,1,0,0,0,0,0,552,577,577,1
18,0,0,0,0,0,0,0,0,0,0,0,565,583,583,0
533,0,0,0,0,0,0,0,0,0,0,0,268,417,417,0
338,1,1,0,1,0,0,0,0,0,0,0,387,164,164,0
414,0,0,0,0,0,0,0,0,0,0,0,481,222,222,0
223,0,0,0,0,0,0,0,0,0,0,0,236,131,131,0
457,1,0,0,0,0,1,0,0,0,0,0,535,487,487,1
220,0,0,0,0,0,0,0,0,0,0,0,231,78,78,0
445,0,0,0,0,0,0,0,0,0,0,0,522,557,557,0
552,1,1,0,0,1,0,0,0,0,0,0,353,416,416,0
594,0,0,0,0,0,0,0,0,0,0,0,292,590,590,0
393,0,0,0,0,0,0,0,0,0,0,0,450,469,469,0
17,0,0,0,0,0,0,0,0,0,0,0,260,273,273,0
66,1,0,0,0,0,1,0,0,0,0,0,50,44,45,1
542,0,0,0,0,0,0,0,0,0,0,0,297,297,297,0
492,0,0,0,0,0,0,0,0,0,0,0,585,194,194,0
93,1,1,0,0,0,0,0,0,0,0,0,86,127,127,0
128,1,1,0,1,0,0,0,0,0,0,0,131,519,519,0
340,0,0,0,0,0,0,0,0,0,0,0,391,376,376,0
388,1,1,0,1,0,0,0,0,0,0,0,443,531,531,0
510,1,1,0,0,0,0,0,0,0,0,0,69,97,97,0
137,0,0,0,0,0,0,0,0,0,0,0,141,188,188,0
513,0,0,0,0,0,0,0,0,0,0,0,84,395,395,0
402,1,0,0,0,0,1,0,0,0,0,0,465,559,559,1
213,1,1,1,1,0,0,0,0,0,0,0,218,229,229,0
405,0,0,0,0,0,0,0,0,0,0,0,469,19,19,0
225,1,0,0,0,0,1,0,0,0,0,0,239,53,43,1
35,1,1,0,1,0,0,0,0,0,0,0,7,536,536,0
22,0,0,0,0,0,0,0,0,0,0,0,59,539,539,0
232,0,0,0,0,0,0,0,0,0,0,0,238,239,239,0
417,1,0,0,0,0,1,0,0,0,0,0,486,103,103,1
301,0,0,0,0,0,0,0,0,0,0,0,336,533,532,0
341,1,1,0,1,0,0,0,0,0,0,0,392,385,385,0
418,1,1,0,0,0,0,0,0,0,0,0,487,440,440,0
3,1,1,0,1,0,0,0,0,0,0,0,88,179,179,0
256,0,0,0,0,0,0,0,0,0,0,0,284,527,527,0
253,0,0,0,0,0,0,0,0,0,0,0,276,307,307,0
576,0,0,0,0,0,0,0,0,0,0,0,512,546,546,0
465,0,0,0,0,0,0,0,0,0,0,0,546,88,88,0
401,1,1,0,1,0,0,0,0,0,0,0,463,407,407,0
42,1,0,0,0,0,0,0,0,0,0,0,14,281,281,1
160,0,0,0,0,0,0,0,0,0,0,0,168,147,147,0
559,1,1,0,0,0,0,0,0,0,0,0,390,260,260,0
308,0,0,0,0,0,0,0,0,0,0,0,347,389,389,0
243,0,0,0,0,0,0,0,0,0,0,0,258,271,271,0
167,1,1,0,1,0,0,0,0,0,0,0,176,516,516,0
267,0,0,0,0,0,0,0,0,0,0,0,301,333,333,0
373,0,0,0,0,0,0,0,0,0,0,0,453,23,23,0
242,0,0,0,0,0,0,0,0,0,0,0,272,290,290,0
258,1,1,0,1,0,0,0,0,0,0,0,286,545,545,0
139,0,0,0,0,0,0,0,0,0,0,0,144,325,325,0
142,0,0,0,0,0,0,0,0,0,0,0,148,244,244,0
112,0,0,0,0,0,0,0,0,0,0,0,113,57,57,0
247,1,0,0,0,0,1,0,0,0,0,0,264,278,278,1
114,1,1,0,1,0,0,0,0,0,0,0,112,191,191,0
583,0,0,0,0,0,0,0,0,0,0,0,570,343,343,0
557,0,0,0,0,0,0,0,0,0,0,0,377,123,123,0
337,0,0,0,0,0,0,0,0,0,0,0,388,250,250,0
416,0,0,0,0,0,0,0,0,0,0,0,483,219,219,0
61,0,0,0,0,0,0,0,0,0,0,0,43,77,77,0
92,0,0,0,0,0,0,0,0,0,0,0,83,451,452,0
586,0,0,0,0,0,0,0,0,0,0,0,575,346,346,0
134,1,1,0,0,1,0,0,0,0,0,0,138,240,240,0
279,0,0,0,0,0,0,0,0,0,0,0,314,289,289,0
285,1,1,0,1,0,0,0,0,0,0,0,326,246,246,0
51,1,0,0,0,0,1,0,0,0,0,0,31,232,232,1
187,0,0,0,0,0,0,0,0,0,0,0,198,500,500,0
450,0,0,0,0,0,0,0,0,0,0,0,530,571,570,0
48,1,1,0,1,1,0,0,0,0,0,0,26,263,263,0
518,0,0,0,0,0,0,0,0,0,0,0,99,460,460,0
38,1,1,0,1,0,0,0,0,0,0,0,10,35,34,0
140,1,1,0,1,1,0,0,0,0,0,0,146,168,168,0
446,1,0,0,0,0,1,0,0,0,0,0,523,141,141,1
420,0,0,0,0,0,0,0,0,0,0,0,489,180,180,0
284,1,1,0,0,0,0,0,0,0,0,0,321,126,126,0
152,0,0,0,0,0,0,0,0,0,0,0,158,235,235,0
355,1,0,0,0,0,1,0,0,0,0,0,451,541,541,1
593,0,0,0,0,0,0,0,0,0,0,0,254,579,579,0
292,0,0,0,0,0,0,0,0,0,0,0,327,359,359,0
78,0,0,0,0,0,0,0,0,0,0,0,58,502,502,0
396,1,1,1,0,0,0,0,0,0,0,0,457,301,301,0
227,1,1,0,1,0,0,0,0,0,0,0,244,237,237,0
59,1,1,0,0,1,0,0,0,0,0,0,40,110,110,0
62,1,0,0,0,0,1,0,0,0,0,0,44,43,44,1
369,0,0,0,0,0,0,0,0,0,0,0,421,203,204,0
560,0,0,0,0,0,0,0,0,0,0,0,406,492,492,0
186,1,1,0,0,1,0,0,0,0,0,0,197,567,567,0
447,0,0,0,0,0,0,0,0,0,0,0,524,566,566,0
10,0,0,0,0,0,0,0,0,0,0,0,21,13,13,0
181,1,1,0,0,0,0,0,0,0,0,0,191,457,457,0
536,0,0,0,0,0,0,0,0,0,0,0,278,306,306,0
54,0,0,0,0,0,0,0,0,0,0,0,33,529,529,0
189,1,1,0,0,1,1,0,0,0,0,0,200,581,581,1
199,0,0,0,0,0,0,0,0,0,0,0,251,475,475,0
132,0,0,0,0,0,0,0,0,0,0,0,135,79,79,0
345,0,0,0,0,0,0,0,0,0,0,0,402,4,4,0
136,0,0,0,0,0,0,0,0,0,0,0,140,87,87,0
115,0,0,0,0,0,0,0,0,0,0,0,114,338,338,0
564,1,1,0,0,0,0,0,0,0,0,0,435,223,223,0
76,0,0,0,0,0,0,0,0,0,0,0,65,218,218,0
144,1,1,0,1,0,0,0,0,0,0,0,193,518,518,0
73,0,0,0,0,0,0,0,0,0,0,0,62,435,435,0
269,0,0,0,0,0,0,0,0,0,0,0,303,243,243,0
2,0,0,0,0,0,0,0,0,0,0,0,22,14,14,0
515,1,1,0,0,0,0,0,0,0,0,0,90,227,227,0
504,0,0,0,0,0,0,0,0,0,0,0,27,234,234,0
449,1,1,1,0,0,1,0,0,0,0,0,528,342,342,1
575,1,1,0,1,0,0,0,0,0,0,0,505,31,31,0
102,1,1,0,0,0,0,0,0,0,0,0,103,26,26,0
384,0,0,0,0,0,0,0,0,0,0,0,438,316,316,0
389,0,0,0,0,0,0,0,0,0,0,0,446,409,409,0
335,1,1,0,0,0,0,0,0,0,0,0,384,41,42,0
411,1,1,0,0,1,0,0,0,0,0,0,476,132,132,0
321,0,0,0,0,0,0,0,0,0,0,0,367,472,472,0
151,0,0,0,0,0,0,0,0,0,0,0,157,556,556,0
551,0,0,0,0,0,0,0,0,0,0,0,352,404,404,0
508,1,1,1,0,0,0,0,0,0,0,0,42,33,33,0
194,0,0,0,0,0,0,0,0,0,0,0,223,491,491,0
460,0,0,0,0,0,0,0,0,0,0,0,538,412,412,0
268,0,0,0,0,0,0,0,0,0,0,0,302,184,184,0
326,1,1,0,1,0,0,0,0,0,0,0,373,439,437,0
272,0,0,0,0,0,0,0,0,0,0,0,306,332,332,0
131,0,0,0,0,0,0,0,0,0,0,0,134,501,501,0
185,0,0,0,0,0,0,0,0,0,0,0,196,479,479,0
7,1,1,0,0,0,0,0,0,0,0,0,525,563,563,0
526,1,1,0,1,0,0,0,0,0,0,0,170,153,153,0
295,0,0,0,0,0,0,0,0,0,0,0,333,403,403,0
77,1,0,0,0,0,1,1,0,0,0,0,57,488,488,1
118,0,0,0,0,0,0,0,0,0,0,0,119,208,208,0
40,0,0,0,0,0,0,0,0,0,0,0,12,303,303,0
177,0,0,0,0,0,0,0,0,0,0,0,187,586,586,0
309,1,1,0,1,0,0,0,0,0,0,0,348,390,390,0
549,0,0,0,0,0,0,0,0,0,0,0,350,400,400,0
229,1,0,0,0,0,1,1,0,0,0,0,247,16,16,1
479,0,0,0,0,0,0,0,0,0,0,0,566,30,30,0
246,0,0,0,0,0,0,0,0,0,0,0,263,277,277,0
86,0,0,0,0,0,0,0,0,0,0,0,74,287,287,0
367,0,0,0,0,0,0,0,0,0,0,0,414,514,515,0
104,0,0,0,0,0,0,0,0,0,0,0,104,150,150,0
302,0,0,0,0,0,0,0,0,0,0,0,337,339,339,0
546,0,0,0,0,0,0,0,0,0,0,0,333,403,403,0
585,1,1,0,0,0,0,0,0,0,0,0,576,415,415,0
297,0,0,0,0,0,0,0,0,0,0,0,335,311,311,0
170,0,0,0,0,0,0,0,0,0,0,0,179,283,283,0
1,1,1,0,1,0,0,0,0,0,0,0,288,122,122,0
300,0,0,0,0,0,0,0,0,0,0,0,334,265,265,0
291,0,0,0,0,0,0,0,0,0,0,0,324,357,357,0
413,1,1,0,0,0,0,0,0,0,0,0,480,216,216,0
522,0,0,0,0,0,0,0,0,0,0,0,136,238,238,0
494,1,1,0,1,1,0,0,0,0,0,0,589,378,378,0
53,1,1,0,0,0,0,0,0,0,0,0,34,405,405,0
491,0,0,0,0,0,0,0,0,0,0,0,584,160,160,0
383,1,1,0,0,0,0,0,0,0,0,0,437,272,272,0
357,1,1,0,0,1,1,0,0,0,0,0,472,18,18,1
55,0,0,0,0,0,0,0,0,0,0,0,35,24,25,0
328,1,1,0,0,1,0,0,0,0,0,0,376,480,480,0
117,0,0,0,0,0,0,0,0,0,0,0,118,207,207,0
123,0,0,0,0,0,0,0,0,0,0,0,124,228,228,0
88,0,0,0,0,0,0,0,0,0,0,0,77,117,117,0
582,0,0,0,0,0,0,0,0,0,0,0,563,393,393,0
193,1,1,1,1,0,0,0,0,0,0,0,204,558,558,0
487,0,0,0,0,0,0,0,0,0,0,0,578,104,104,0
462,0,0,0,0,0,0,0,0,0,0,0,543,253,253,0
578,0,0,0,0,0,0,0,0,0,0,0,539,70,70,0
74,1,1,0,0,1,0,0,0,0,0,0,63,171,171,0
25,0,0,0,0,0,0,0,0,0,0,0,510,565,565,0
489,1,1,0,0,0,0,0,0,0,0,0,581,135,135,0
273,0,0,0,0,0,0,0,0,0,0,0,307,414,414,0
496,1,1,0,0,0,0,0,0,0,0,0,592,504,504,0
315,1,1,0,1,1,1,0,0,0,0,0,359,437,438,1
354,0,0,0,0,0,0,0,0,0,0,0,426,200,201,0
562,0,0,0,0,0,0,0,0,0,0,0,425,156,156,0
436,1,0,0,0,0,1,1,0,0,0,0,515,163,163,1
222,1,0,0,0,0,0,0,0,0,1,0,235,258,258,1
333,0,0,0,0,0,0,0,0,0,0,0,382,441,441,0
351,1,0,0,0,0,1,0,0,0,0,0,405,489,489,1
270,0,0,0,0,0,0,0,0,0,0,0,305,295,295,0
85,0,0,0,0,0,0,0,0,0,0,0,72,107,107,0
403,1,1,1,1,0,0,0,0,0,0,0,466,340,340,0
15,0,0,0,0,0,0,0,0,0,0,0,76,114,114,0
281,1,1,0,0,0,0,0,0,0,0,0,316,280,280,0
106,0,0,0,0,0,0,0,0,0,0,0,106,251,251,0
43,0,0,0,0,0,0,0,0,0,0,0,15,381,381,0
349,0,0,0,0,0,0,0,0,0,0,0,403,512,513,0
570,0,0,0,0,0,0,0,0,0,0,0,474,90,90,0
350,1,1,0,0,0,0,0,0,0,0,0,404,484,484,0
448,0,0,0,0,0,0,0,0,0,0,0,527,344,344,0
81,1,1,0,0,0,0,0,0,0,0,0,66,86,86,0
325,0,0,0,0,0,0,0,0,0,0,0,372,115,115,0
240,0,0,0,0,0,0,0,0,0,0,0,259,406,406,0
283,0,0,0,0,0,0,0,0,0,0,0,318,245,245,0
50,0,0,0,0,0,0,0,0,0,0,0,30,17,17,0
410,1,1,0,0,1,0,0,0,0,0,0,475,120,120,0
320,1,1,0,0,1,0,0,0,0,0,0,366,433,433,0
202,0,0,0,0,0,0,0,0,0,0,0,211,328,328,0
282,1,0,0,0,0,1,0,0,0,0,0,317,361,361,1
314,1,1,0,0,0,0,0,0,0,0,0,357,431,431,0
36,0,0,0,0,0,0,0,0,0,0,0,23,503,503,0
266,1,1,1,1,0,0,0,0,0,0,0,300,102,102,0
408,1,0,0,0,0,1,0,0,0,0,0,500,549,549,1
235,0,0,0,0,0,0,0,0,0,0,0,246,137,137,0
571,1,1,0,0,1,0,0,0,0,0,0,477,176,176,0
324,1,0,0,0,0,1,0,0,0,1,0,371,462,462,1
391,0,0,0,0,0,0,0,0,0,0,0,448,428,428,0
251,0,0,0,0,0,0,0,0,0,0,0,273,294,294,0
201,1,1,1,1,0,0,0,0,0,0,0,208,140,140,0
217,0,0,0,0,0,0,0,0,0,0,0,228,327,327,0
34,1,1,0,0,1,0,0,0,0,0,0,1,302,302,0
121,0,0,0,0,0,0,0,0,0,0,0,122,210,210,0
573,0,0,0,0,0,0,0,0,0,0,0,485,196,196,0
169,1,1,0,0,1,0,0,0,0,0,0,178,282,282,0
372,0,0,0,0,0,0,0,0,0,0,0,424,25,24,0
592,1,1,0,0,0,1,0,0,0,0,0,165,543,543,1
65,1,1,0,1,0,0,0,0,0,0,0,48,54,54,0
262,1,1,0,1,0,0,0,0,0,0,0,289,485,485,0
110,1,1,0,0,1,0,0,0,0,0,0,110,166,166,0
259,1,1,0,0,0,0,0,0,0,0,0,287,341,341,0
244,0,0,0,0,0,0,0,0,0,0,0,261,276,276,0
329,0,0,0,0,0,0,0,0,0,0,0,378,213,213,0
23,1,1,0,0,0,0,0,0,0,0,0,2,387,387,0
441,0,0,0,0,0,0,0,0,0,0,0,518,334,334,0
306,0,0,0,0,0,0,0,0,0,0,0,345,383,383,0
532,1,1,0,1,1,0,0,0,0,0,0,256,438,439,0
477,0,0,0,0,0,0,0,0,0,0,0,562,167,167,0
567,0,0,0,0,0,0,0,0,0,0,0,445,382,382,0
317,1,1,0,1,0,0,0,0,0,0,0,361,439,437,0
346,0,0,0,0,0,0,0,0,0,0,0,397,145,145,0
176,0,0,0,0,0,0,0,0,0,0,0,186,310,310,0
319,1,1,0,1,1,0,0,0,0,0,0,365,459,459,0
376,1,1,0,0,0,0,0,0,0,0,0,428,82,83,0
554,1,1,1,1,0,0,0,0,0,0,0,362,161,161,0
553,1,1,1,0,0,0,0,0,0,0,0,361,439,437,0
590,0,0,0,0,0,0,0,0,0,0,0,590,413,413,0
145,1,0,0,0,0,1,0,0,0,0,0,149,11,11,1
481,0,0,0,0,0,0,0,0,0,0,0,569,92,92,0
280,1,1,0,1,0,0,0,0,0,0,0,315,495,495,0
195,0,0,0,0,0,0,0,0,0,0,0,224,52,53,0
499,1,1,0,1,0,0,0,0,0,0,0,3,436,436,0
198,0,0,0,0,0,0,0,0,0,0,0,227,584,584,0
190,0,0,0,0,0,0,0,0,0,0,0,201,582,582,0
271,0,0,0,0,0,0,0,0,0,0,0,304,39,39,0
591,1,1,0,0,0,0,0,0,0,0,0,595,139,139,0
322,1,1,0,0,0,0,0,0,0,0,0,368,42,40,0
87,0,0,0,0,0,0,0,0,0,0,0,75,112,112,0
486,1,1,0,1,1,0,0,0,0,0,0,577,588,588,0
431,1,1,0,1,0,0,0,0,0,0,0,503,530,530,0
544,1,0,0,0,0,1,0,0,0,0,0,322,55,55,1
598,1,0,0,0,0,1,0,0,0,0,0,47,50,51,1
521,1,1,0,0,1,1,0,0,0,0,0,126,192,192,1
56,0,0,0,0,0,0,0,0,0,0,0,4,478,478,0
159,0,0,0,0,0,0,0,0,0,0,0,167,146,146,0
82,0,0,0,0,0,0,0,0,0,0,0,68,96,96,0
293,1,0,0,0,0,1,0,0,0,0,0,330,149,149,1
303,0,0,0,0,0,0,0,0,0,0,0,342,371,371,0
454,0,0,0,0,0,0,0,0,0,0,0,544,67,67,0
238,1,1,1,0,0,0,0,0,0,0,0,255,0,0,0
221,0,0,0,0,0,0,0,0,0,0,0,232,585,585,0
120,1,1,0,0,1,0,0,0,0,0,0,121,211,211,0
288,1,0,0,0,0,1,0,0,0,0,0,319,446,447,1
386,0,0,0,0,0,0,0,0,0,0,0,440,349,349,0
91,1,0,0,0,0,1,0,0,0,0,0,82,423,423,1
286,1,0,0,0,0,1,0,0,0,0,0,325,360,360,1
20,1,1,0,0,1,0,0,0,0,0,0,542,175,175,0
122,0,0,0,0,0,0,0,0,0,0,0,123,212,212,0
444,1,1,0,0,0,0,0,0,0,0,0,521,111,111,0
109,1,1,0,0,1,0,0,0,0,0,0,109,169,169,0
327,1,1,0,1,0,0,0,0,0,0,0,374,471,471,0
99,0,0,0,0,0,0,0,0,0,0,0,98,445,446,0
534,1,1,0,0,0,0,0,0,0,0,0,271,291,291,0
442,0,0,0,0,0,0,0,0,0,0,0,519,429,429,0
563,1,1,0,0,1,0,0,0,0,0,0,434,226,226,0
509,1,1,1,0,0,0,0,0,0,0,0,67,95,95,0
143,0,0,0,0,0,0,0,0,0,0,0,180,284,284,0
47,0,0,0,0,0,0,0,0,0,0,0,25,456,456,0
287,0,0,0,0,0,0,0,0,0,0,0,328,190,190,0
16,1,0,0,0,0,1,1,0,0,0,0,400,231,231,1
111,1,1,0,0,0,0,0,0,0,0,0,111,177,177,0
584,0,0,0,0,0,0,0,0,0,0,0,573,590,590,0
79,1,1,0,1,0,1,0,0,0,0,0,60,463,463,1
212,0,0,0,0,0,0,0,0,0,0,0,217,317,317,0
166,0,0,0,0,0,0,0,0,0,0,0,175,152,152,0
234,0,0,0,0,0,0,0,0,0,0,0,249,442,442,0
587,0,0,0,0,0,0,0,0,0,0,0,579,450,451,0
101,1,1,0,0,0,0,0,0,0,0,0,102,144,144,0
353,0,0,0,0,0,0,0,0,0,0,0,415,508,509,0
162,0,0,0,0,0,0,0,0,0,0,0,171,214,214,0
11,1,0,0,0,0,1,0,0,0,0,0,299,61,61,1
191,1,1,1,0,0,0,0,0,0,0,0,202,181,181,0
507,1,1,0,0,0,0,0,0,0,0,0,39,521,521,0
572,0,0,0,0,0,0,0,0,0,0,0,479,225,225,0
236,0,0,0,0,0,0,0,0,0,0,0,252,353,353,0
323,1,1,0,1,0,0,0,0,0,0,0,369,464,464,0
172,0,0,0,0,0,0,0,0,0,0,0,182,304,304,0
197,1,1,0,0,1,0,0,0,0,0,0,226,98,98,0
579,1,0,0,0,0,1,0,0,0,0,0,553,578,578,1
599,1,0,0,0,0,1,0,0,0,0,0,89,572,572,1
171,1,0,0,0,0,1,0,0,0,0,0,181,309,309,1
395,0,0,0,0,0,0,0,0,0,0,0,455,300,300,0
531,1,1,0,0,1,0,0,0,0,0,0,241,138,138,0
175,0,0,0,0,0,0,0,0,0,0,0,185,305,305,0
14,0,0,0,0,0,0,0,0,0,0,0,541,91,91,0
231,0,0,0,0,0,0,0,0,0,0,0,250,494,494,0
13,0,0,0,0,0,0,0,0,0,0,0,504,532,533,0
374,1,1,0,1,0,0,0,0,0,0,0,452,205,205,0
574,0,0,0,0,0,0,0,0,0,0,0,498,555,555,0
67,1,0,0,0,0,1,0,0,0,0,0,51,59,59,1
483,1,1,0,1,0,0,0,0,0,0,0,571,520,520,0
209,0,0,0,0,0,0,0,0,0,0,0,214,380,380,0
208,0,0,0,0,0,0,0,0,0,0,0,213,49,50,0
183,1,1,0,0,0,0,0,0,0,0,0,194,544,544,0
230,0,0,0,0,0,0,0,0,0,0,0,248,443,443,0
577,0,0,0,0,0,0,0,0,0,0,0,526,570,571,0
313,1,0,0,0,0,1,0,0,0,0,0,356,298,298,1
419,1,0,0,0,0,1,0,0,0,0,0,488,540,540,1
597,0,0,0,0,0,0,0,0,0,0,0,484,3,3,0
424,1,0,0,0,0,1,0,0,0,0,0,494,321,321,1
124,1,1,0,0,0,1,0,0,0,0,0,127,292,292,1
24,0,0,0,0,0,0,0,0,0,0,0,393,185,185,0
192,1,1,0,1,0,0,0,0,0,0,0,203,421,421,0
49,1,1,0,0,1,0,0,1,0,0,0,29,133,133,1
174,0,0,0,0,0,0,0,0,0,0,0,184,313,313,0
26,0,0,0,0,0,0,0,0,0,0,0,513,547,547,0
437,1,0,0,0,0,1,1,0,0,0,0,511,461,461,1
80,0,0,0,0,0,0,0,0,0,0,0,61,36,36,0
404,1,1,0,0,1,0,0,0,0,0,0,468,345,345,0
569,0,0,0,0,0,0,0,0,0,0,0,467,315,315,0
347,0,0,0,0,0,0,0,0,0,0,0,399,142,142,0
289,1,0,0,0,0,1,0,0,0,0,0,320,323,323,1
362,0,0,0,0,0,0,0,0,0,0,0,418,509,510,0
332,0,0,0,0,0,0,0,0,0,0,0,381,411,411,0
84,0,0,0,0,0,0,0,0,0,0,0,71,105,105,0
456,1,1,0,0,1,0,0,0,0,0,0,534,174,174,0
398,1,1,0,0,0,0,0,0,0,0,0,459,89,89,0
363,0,0,0,0,0,0,0,0,0,0,0,419,513,514,0
475,0,0,0,0,0,0,0,0,0,0,0,558,470,470,0
89,0,0,0,0,0,0,0,0,0,0,0,78,116,116,0
467,0,0,0,0,0,0,0,0,0,0,0,549,386,386,0
433,1,1,0,1,0,0,0,0,0,0,0,507,28,28,0
252,0,0,0,0,0,0,0,0,0,0,0,274,293,293,0
334,1,1,0,1,0,0,0,0,0,0,0,383,468,468,0
527,0,0,0,0,0,0,0,0,0,0,0,222,249,249,0
178,0,0,0,0,0,0,0,0,0,0,0,188,348,348,0
516,1,1,0,1,0,0,0,0,0,0,0,92,182,182,0
517,1,1,0,1,0,0,0,0,0,0,0,93,274,274,0
555,1,1,0,1,0,0,0,0,0,0,0,370,155,155,0
127,0,0,0,0,0,0,0,0,0,0,0,130,434,434,0
108,1,1,0,0,1,0,0,0,0,0,0,108,83,82,0
512,1,0,0,0,0,1,0,0,0,0,0,80,119,119,1
41,0,0,0,0,0,0,0,0,0,0,0,13,12,12,0
484,0,0,0,0,0,0,0,0,0,0,0,568,590,590,0
264,1,1,0,0,1,1,0,0,0,0,0,295,109,109,1
239,0,0,0,0,0,0,0,0,0,0,0,257,268,268,0
125,0,0,0,0,0,0,0,0,0,0,0,128,493,493,0
565,0,0,0,0,0,0,0,0,0,0,0,441,125,125,0
173,1,1,0,0,0,0,0,0,0,0,0,183,312,312,0
538,0,0,0,0,0,0,0,0,0,0,0,294,63,63,0
595,0,0,0,0,0,0,0,0,0,0,0,358,432,432,0
200,1,1,0,0,0,0,0,0,0,0,0,205,247,247,0
382,0,0,0,0,0,0,0,0,0,0,0,436,270,270,0
130,0,0,0,0,0,0,0,0,0,0,0,133,154,154,0
296,0,0,0,0,0,0,0,0,0,0,0,332,362,362,0
257,1,1,0,0,0,0,0,0,0,0,0,285,85,85,0
342,0,0,0,0,0,0,0,0,0,0,0,394,473,473,0
29,1,1,0,0,1,0,0,0,0,0,0,81,121,121,0
188,1,1,0,0,1,0,0,0,0,0,0,199,580,580,0
375,0,0,0,0,0,0,0,0,0,0,0,427,81,81,0
290,1,1,0,0,1,0,0,0,0,0,0,323,286,286,0
550,0,0,0,0,0,0,0,0,0,0,0,351,399,399,0
265,0,0,0,0,0,0,0,0,0,0,0,298,352,352,0
90,0,0,0,0,0,0,0,0,0,0,0,79,118,118,0
377,0,0,0,0,0,0,0,0,0,0,0,429,106,106,0
379,0,0,0,0,0,0,0,0,0,0,0,431,157,157,0
33,0,0,0,0,0,0,0,0,0,0,0,0,201,202,0
135,0,0,0,0,0,0,0,0,0,0,0,139,550,550,0
415,1,1,0,0,0,0,0,0,0,0,0,482,224,224,0
358,1,1,0,0,1,0,0,0,0,0,0,473,40,41,0
596,0,0,0,0,0,0,0,0,0,0,0,417,506,507,0
497,0,0,0,0,0,0,0,0,0,0,0,593,573,573,0
154,0,0,0,0,0,0,0,0,0,0,0,160,542,542,0
310,1,1,0,1,1,0,0,0,0,0,0,349,392,392,0
52,1,1,0,1,0,0,0,0,0,0,0,32,21,21,0
261,1,1,0,0,0,0,0,0,0,0,0,291,193,193,0
58,0,0,0,0,0,0,0,0,0,0,0,37,452,445,0
385,1,1,0,0,1,0,0,0,0,0,0,439,368,368,0
275,0,0,0,0,0,0,0,0,0,0,0,309,74,74,0
146,0,0,0,0,0,0,0,0,0,0,0,151,7,7,0
539,1,0,0,0,0,1,0,0,0,0,0,281,486,486,1
423,0,0,0,0,0,0,0,0,0,0,0,492,259,259,0
472,0,0,0,0,0,0,0,0,0,0,0,555,170,170,0
474,1,1,0,1,0,0,0,0,0,0,0,556,396,396,0
168,0,0,0,0,0,0,0,0,0,0,0,177,560,560,0
364,0,0,0,0,0,0,0,0,0,0,0,416,510,511,0
427,0,0,0,0,0,0,0,0,0,0,0,497,553,553,0
468,0,0,0,0,0,0,0,0,0,0,0,550,6,6,0
380,1,1,0,0,1,0,0,0,0,0,0,432,165,165,0
493,1,0,0,0,0,1,0,0,0,0,0,586,264,264,1
294,0,0,0,0,0,0,0,0,0,0,0,331,199,200,0
490,1,1,0,1,0,0,0,0,0,0,0,583,466,466,0
409,0,0,0,0,0,0,0,0,0,0,0,493,269,269,0
502,0,0,0,0,0,0,0,0,0,0,0,19,372,372,0
226,0,0,0,0,0,0,0,0,0,0,0,240,15,15,0
9,0,0,0,0,0,0,0,0,0,0,0,587,267,267,0
28,0,0,0,0,0,0,0,0,0,0,0,275,299,299,0
501,0,0,0,0,0,0,0,0,0,0,0,16,398,398,0
330,0,0,0,0,0,0,0,0,0,0,0,379,324,324,0
206,1,1,0,1,0,0,0,0,0,0,0,209,262,262,0
103,0,0,0,0,0,0,0,0,0,0,0,101,143,143,0
75,1,1,0,0,0,0,0,0,0,0,0,64,261,261,0
116,0,0,0,0,0,0,0,0,0,0,0,117,202,203,0
276,1,1,0,0,0,0,0,0,0,0,0,310,347,347,0
535,0,0,0,0,0,0,0,0,0,0,0,277,308,308,0
392,1,0,0,0,0,1,0,0,0,0,0,449,467,467,1
558,1,1,0,1,0,0,0,0,0,0,0,389,186,186,0
68,0,0,0,0,0,0,0,0,0,0,0,52,60,60,0
461,0,0,0,0,0,0,0,0,0,0,0,540,551,551,0
57,1,0,0,0,0,1,0,0,0,0,0,49,51,52,1
94,1,1,0,0,0,0,0,0,0,0,0,87,128,128,0
525,1,1,0,1,0,0,0,0,0,0,0,150,9,9,0
485,1,1,0,0,1,0,0,0,0,0,0,572,587,587,0
147,0,0,0,0,0,0,0,0,0,0,0,152,10,10,0
60,1,0,0,0,0,0,0,0,0,1,0,41,505,505,1
406,1,1,1,1,0,0,0,0,0,0,0,470,465,465,0
359,0,0,0,0,0,0,0,0,0,0,0,409,498,498,0
343,0,0,0,0,0,0,0,0,0,0,0,395,477,477,0
148,0,0,0,0,0,0,0,0,0,0,0,153,402,402,0
511,0,0,0,0,0,0,0,0,0,0,0,73,108,108,0
407,1,1,0,1,0,0,0,0,0,0,0,471,183,183,0
100,0,0,0,0,0,0,0,0,0,0,0,100,561,561,0
524,1,1,0,1,0,0,0,0,0,0,0,142,172,172,0
126,1,0,0,0,0,0,0,0,0,1,0,129,296,296,1
307,1,0,0,0,0,1,0,0,0,0,0,346,384,384,1
44,0,0,0,0,0,0,0,0,0,0,0,17,366,366,0
19,0,0,0,0,0,0,0,0,0,0,0,9,5,5,0
304,0,0,0,0,0,0,0,0,0,0,0,340,365,365,0
219,1,1,0,1,0,0,0,0,0,0,0,230,420,420,0
298,0,0,0,0,0,0,0,0,0,0,0,338,236,236,0
63,0,0,0,0,0,0,0,0,0,0,0,45,46,47,0
149,0,0,0,0,0,0,0,0,0,0,0,154,56,56,0
165,1,1,0,0,0,0,0,0,0,0,0,174,241,241,0
435,0,0,0,0,0,0,0,0,0,0,0,509,538,538,0
8,1,0,0,0,0,1,0,0,0,0,0,36,27,27,1
387,0,0,0,0,0,0,0,0,0,0,0,442,418,418,0
339,0,0,0,0,0,0,0,0,0,0,0,385,217,217,0
370,0,0,0,0,0,0,0,0,0,0,0,422,394,394,0
478,0,0,0,0,0,0,0,0,0,0,0,564,410,410,0
503,0,0,0,0,0,0,0,0,0,0,0,24,34,35,0
30,0,0,0,0,0,0,0,0,0,0,0,354,159,159,0
480,1,1,0,1,0,0,0,0,0,0,0,567,444,444,0
245,0,0,0,0,0,0,0,0,0,0,0,262,275,275,0
352,1,1,0,1,0,0,0,0,0,0,0,407,534,534,0
318,0,0,0,0,0,0,0,0,0,0,0,364,458,458,0
12,0,0,0,0,0,0,0,0,0,0,0,363,453,453,0
6,0,0,0,0,0,0,0,0,0,0,0,456,58,58,0
566,1,1,0,1,1,0,0,0,0,0,0,444,367,367,0
365,0,0,0,0,0,0,0,0,0,0,0,412,507,508,0
216,0,0,0,0,0,0,0,0,0,0,0,221,248,248,0
528,0,0,0,0,0,0,0,0,0,0,0,233,496,496,0
107,1,1,0,0,0,0,0,0,0,0,0,107,101,101,0
390,0,0,0,0,0,0,0,0,0,0,0,447,424,424,0
157,0,0,0,0,0,0,0,0,0,0,0,164,517,517,0
0,1,1,0,0,1,0,0,0,0,0,0,94,425,425,0
260,0,0,0,0,0,0,0,0,0,0,0,290,66,66,0
430,1,1,0,0,0,0,0,0,0,0,0,502,215,215,0
451,0,0,0,0,0,0,0,0,0,0,0,532,449,450,0
519,0,0,0,0,0,0,0,0,0,0,0,116,198,199,0
545,0,0,0,0,0,0,0,0,0,0,0,329,129,129,0
248,1,0,0,0,0,1,0,0,0,0,0,265,279,279,1
530,1,1,0,0,0,0,0,0,0,0,0,242,162,162,0
96,0,0,0,0,0,0,0,0,0,0,0,95,130,130,0
69,1,1,0,0,1,0,0,0,0,0,0,53,483,483,0
207,0,0,0,0,0,0,0,0,0,0,0,212,481,481,0
561,0,0,0,0,0,0,0,0,0,0,0,408,497,497,0
39,0,0,0,0,0,0,0,0,0,0,0,11,326,326,0
4,1,1,0,0,0,0,0,0,0,0,0,155,38,38,0
138,0,0,0,0,0,0,0,0,0,0,0,143,401,401,0
443,1,1,0,1,0,0,0,0,0,0,0,520,568,568,0
500,1,0,0,0,0,1,0,0,0,0,0,6,526,526,1
179,0,0,0,0,0,0,0,0,0,0,0,189,426,426,0
158,1,1,0,1,0,0,0,0,0,0,0,161,76,76,0
452,0,0,0,0,0,0,0,0,0,0,0,531,197,197,0
45,0,0,0,0,0,0,0,0,0,0,0,18,252,252,0
312,1,0,0,0,0,1,0,0,0,0,0,355,427,427,1
458,1,1,0,0,0,0,0,0,0,0,0,536,564,564,0
215,1,1,0,1,1,0,0,0,0,0,0,220,523,523,0
70,1,1,0,0,0,0,0,0,0,0,0,54,388,388,0
336,1,1,0,1,0,0,0,0,0,0,0,386,430,430,0
249,1,0,0,0,0,1,0,0,0,0,0,266,285,285,1
153,1,1,0,1,1,0,0,0,0,0,0,159,419,419,0
156,1,1,0,0,1,0,0,0,0,0,0,163,189,189,0
523,0,0,0,0,0,0,0,0,0,0,0,145,408,408,0
482,0,0,0,0,0,0,0,0,0,0,0,568,590,590,0
556,1,0,0,0,0,1,0,0,0,0,0,375,266,266,1
180,0,0,0,0,0,0,0,0,0,0,0,190,454,454,0
581,1,0,0,0,0,1,0,0,0,0,0,560,45,46,1
133,1,1,0,0,0,0,0,0,0,0,0,137,524,524,0
203,1,0,0,0,0,1,0,0,0,0,0,210,20,20,1
95,0,0,0,0,0,0,0,0,0,0,0,91,75,75,0
432,1,1,0,1,1,0,0,0,0,0,0,506,29,29,0
412,0,0,0,0,0,0,0,0,0,0,0,478,221,221,0
399,1,1,0,0,0,0,0,0,0,0,0,461,379,379,0
331,1,0,0,0,0,1,0,0,0,0,0,380,113,113,1
422,0,0,0,0,0,0,0,0,0,0,0,491,422,422,0
471,0,0,0,0,0,0,0,0,0,0,0,554,195,195,0
425,1,1,0,0,0,0,0,0,0,0,0,495,331,331,0
568,0,0,0,0,0,0,0,0,0,0,0,464,569,569,0
141,1,1,0,0,0,0,0,0,0,0,0,147,220,220,0
228,0,0,0,0,0,0,0,0,0,0,0,245,64,64,0
366,0,0,0,0,0,0,0,0,0,0,0,413,511,512,0
463,0,0,0,0,0,0,0,0,0,0,0,545,448,449,0
428,0,0,0,0,0,0,0,0,0,0,0,499,552,552,0
205,1,1,0,1,0,0,0,0,0,0,0,207,363,363,0
498,1,0,0,0,0,1,0,0,0,0,0,594,576,576,1
381,0,0,0,0,0,0,0,0,0,0,0,433,206,206,0
541,1,1,0,0,1,0,0,0,0,0,0,296,318,318,0
589,0,0,0,0,0,0,0,0,0,0,0,588,354,354,0
274,1,1,0,0,1,0,0,0,0,0,0,308,525,525,1
224,0,0,0,0,0,0,0,0,0,0,0,237,356,356,0
32,0,0,0,0,0,0,0,0,0,0,0,5,490,490,0
241,1,1,0,1,0,1,0,0,0,0,0,270,535,535,1
263,1,1,0,1,0,1,0,0,0,0,0,293,65,65,1
371,1,1,0,0,0,0,0,0,0,0,0,423,554,554,0
277,1,1,0,0,0,0,0,0,0,0,0,311,350,350,0
580,0,0,0,0,0,0,0,0,0,0,0,559,158,158,0
316,1,1,0,1,0,0,0,0,0,0,0,360,439,437,0
83,1,1,0,0,1,0,0,0,0,0,0,70,100,100,0
439,1,1,0,0,0,0,0,0,0,0,0,516,548,548,0
543,1,0,0,0,0,1,1,0,0,0,0,313,136,136,1
344,0,0,0,0,0,0,0,0,0,0,0,396,482,482,0
113,0,0,0,0,0,0,0,0,0,0,0,115,204,198,0
548,1,1,0,1,1,0,0,0,0,0,0,344,474,474,0
440,0,0,0,0,0,0,0,0,0,0,0,517,256,256,0
129,0,0,0,0,0,0,0,0,0,0,0,132,255,255,0
182,1,1,0,0,0,0,0,0,0,0,0,192,522,522,0
21,0,0,0,0,0,0,0,0,0,0,0,267,8,8,0
46,1,1,0,1,0,0,0,0,0,0,0,20,370,370,0
27,0,0,0,0,0,0,0,0,0,0,0,574,590,590,0
537,0,0,0,0,0,0,0,0,0,0,0,279,314,314,0
311,1,1,0,1,0,0,0,0,0,0,0,361,439,437,0
278,1,0,0,0,0,1,0,0,0,0,0,312,351,351,1
71,1,1,0,0,1,0,0,0,0,0,0,55,69,69,0
459,1,1,0,1,0,0,0,0,0,0,0,537,94,94,0
164,1,0,0,0,0,1,0,0,0,0,0,173,233,233,1
438,1,1,0,1,0,0,0,0,0,0,0,514,397,397,0
400,0,0,0,0,0,0,0,0,0,0,0,462,369,369,0
464,1,1,0,1,1,0,0,0,0,0,0,547,72,72,0
434,1,0,0,0,0,1,0,0,0,0,0,508,335,335,1
237,1,1,0,0,1,0,0,0,0,0,0,253,124,124,0
588,1,1,0,0,0,0,0,0,0,0,0,582,84,84,0
361,0,0,0,0,0,0,0,0,0,0,0,411,515,506,0
360,1,1,0,0,0,0,0,0,0,0,0,410,499,499,0
255,0,0,0,0,0,0,0,0,0,0,0,282,322,322,0
495,0,0,0,0,0,0,0,0,0,0,0,591,455,455,0
31,1,1,0,0,0,0,0,0,0,0,0,401,330,330,0
382,1,0,0,0,0,1,0,0,0,0,0,476,545,545,1
309,1,0,0,0,0,1,0,0,0,0,0,350,405,405,1
63,1,0,0,0,0,0,0,0,0,0,0,46,73,73,1
58,1,0,0,0,0,1,0,0,0,0,0,47,48,49,1
227,1,0,0,0,0,1,0,0,0,0,0,244,27,24,1
554,1,0,0,0,0,1,0,0,0,0,0,258,118,118,1
414,1,0,0,0,0,1,0,0,0,0,0,482,99,99,1
372,1,0,0,0,0,1,0,0,0,0,0,467,543,543,1
77,1,0,0,0,0,1,0,0,0,0,0,58,478,478,1
286,1,0,0,0,0,1,0,0,0,0,0,324,356,356,1
39,1,0,0,0,0,1,0,0,0,0,0,40,36,36,1
246,1,0,0,0,0,0,0,0,0,0,0,262,277,277,1
361,1,0,0,0,0,1,0,0,0,0,0,416,94,94,1
471,1,0,0,0,0,1,0,0,0,0,0,557,207,207,1
537,1,0,0,0,0,1,0,0,0,0,0,435,265,265,1
375,1,0,0,0,0,1,0,0,0,0,0,430,476,476,1
358,1,1,0,0,0,1,0,0,0,0,0,471,19,19,1
220,1,0,0,0,0,0,0,0,0,0,0,232,259,259,1
361,1,0,0,0,0,1,0,0,0,0,0,450,527,527,1
409,1,0,0,0,0,1,0,0,0,0,0,475,552,552,1
504,1,0,0,0,0,1,0,0,0,0,0,40,520,520,1
464,1,0,0,0,0,1,0,0,0,0,0,548,297,297,1
233,1,0,0,0,0,1,0,0,0,0,0,251,65,58,1
248,1,1,0,0,0,0,0,0,0,0,0,278,532,532,1
534,1,0,0,0,0,1,0,0,0,0,0,242,157,157,1
433,1,0,0,0,0,1,0,0,0,0,0,505,461,461,1
408,1,0,0,0,0,1,0,0,0,0,0,499,548,548,1
30,1,0,0,0,0,1,0,0,0,0,0,42,38,38,1
375,1,1,0,0,0,1,0,0,0,0,0,465,43,43,1
295,1,0,0,0,0,1,0,0,0,0,0,336,337,337,1
593,1,0,0,0,0,1,0,0,0,0,0,144,550,550,1
247,1,0,0,0,0,1,0,0,0,0,0,263,534,534,1
93,1,0,0,0,0,1,0,0,0,0,0,88,473,473,1
436,1,0,0,0,0,1,0,0,0,0,0,507,480,480,1
378,1,0,0,0,0,1,0,0,0,0,0,433,465,465,1
583,1,0,0,0,0,1,0,0,0,0,0,121,51,52,1
56,1,0,0,0,0,0,0,0,0,0,0,38,100,100,1
571,1,0,0,0,0,1,0,0,0,0,0,66,51,52,1
585,1,0,0,0,0,1,0,0,0,0,0,171,541,541,1
469,1,0,0,0,0,1,0,0,0,0,0,551,574,574,1
459,1,0,0,0,0,1,0,0,0,0,0,522,143,143,1
545,1,0,0,0,0,1,0,0,0,0,0,552,577,577,1
168,1,0,0,0,0,1,0,0,0,0,0,177,277,277,1
82,1,0,0,0,0,0,0,0,0,0,0,68,518,518,1
363,1,1,0,0,0,1,0,0,0,0,0,469,26,26,1
403,1,0,0,0,0,1,0,0,0,0,0,464,465,465,1
305,1,1,0,0,0,1,0,0,0,0,0,373,43,43,1
411,1,0,0,0,0,1,0,0,0,0,0,478,94,94,1
310,1,0,0,0,0,1,0,0,0,0,0,351,412,412,1
320,1,0,0,0,0,1,0,0,0,0,0,366,452,452,1
61,1,0,0,0,0,0,0,0,0,0,0,43,47,48,1
275,1,0,0,0,0,1,0,0,0,0,0,306,469,470,1
270,1,0,0,0,0,1,0,0,0,0,0,295,302,302,1
70,1,0,0,0,0,0,0,0,0,0,0,50,494,494,1
519,1,0,0,0,0,1,0,0,0,0,0,134,421,421,1
159,1,0,0,0,0,1,0,0,0,0,0,167,304,304,1
384,1,0,0,0,0,1,0,0,0,0,0,444,312,312,1
314,1,0,0,0,0,1,0,0,0,0,0,358,434,435,1
468,1,0,0,0,0,1,0,0,0,0,0,551,576,576,1
244,1,1,0,0,0,0,0,0,0,0,0,274,533,533,1
250,1,0,0,0,0,1,0,0,0,0,0,269,279,279,1
50,1,0,0,0,0,0,0,0,0,0,0,30,227,227,1
203,1,0,0,0,0,1,0,0,0,0,0,206,43,44,1
472,1,0,0,0,0,1,0,0,0,0,0,558,280,280,1
297,1,0,0,0,0,1,0,0,0,0,0,332,349,349,1
89,1,0,0,0,0,1,0,0,0,0,0,79,426,426,1
46,1,0,0,0,0,0,0,0,0,0,0,22,256,256,1
140,1,0,0,0,0,1,0,0,0,0,0,145,553,553,1
545,1,0,0,0,0,1,0,0,0,0,0,411,265,265,1
261,1,0,0,0,0,1,0,0,0,0,0,291,496,496,1
481,1,0,0,0,0,1,0,0,0,0,0,568,574,574,1
286,1,1,0,1,0,1,0,0,0,0,0,324,474,475,1
437,1,0,0,0,0,1,0,0,0,0,0,511,553,553,1
62,1,0,0,0,0,1,0,0,0,0,0,44,43,44,1
438,1,0,0,0,0,1,0,0,0,0,0,511,552,552,1
432,1,0,0,0,0,1,0,0,0,0,0,502,479,479,1
516,1,0,0,0,0,1,0,0,0,0,0,102,155,155,1
284,1,0,0,0,0,1,0,0,0,0,0,323,358,358,1
113,1,0,0,0,0,1,0,0,0,0,0,250,232,232,1
398,1,0,0,0,0,1,0,0,0,0,0,459,569,569,1
407,1,0,0,0,0,1,0,0,0,0,0,497,549,549,1
303,1,0,0,0,0,1,0,0,0,0,0,342,433,434,1
122,1,0,0,0,0,1,0,0,0,0,0,124,290,290,1
248,1,0,0,0,0,1,0,0,0,0,0,265,281,281,1
428,1,0,0,0,0,1,0,0,0,0,0,499,317,317,1
59,1,0,0,0,0,0,0,0,0,0,0,41,90,90,1
287,1,0,0,0,0,1,0,0,0,0,0,323,345,345,1
290,1,0,0,0,0,1,0,0,0,0,0,327,332,332,1
444,1,0,0,0,0,1,0,0,0,0,0,159,56,57,1
567,1,0,0,0,0,1,0,0,0,0,0,217,517,517,1
303,1,0,0,0,0,1,0,0,0,0,0,341,372,372,1
79,1,0,0,0,0,0,0,0,0,0,0,66,454,454,1
503,1,0,0,0,0,1,0,0,0,0,0,9,527,527,1
224,1,0,0,0,0,0,0,0,0,0,0,237,259,259,1
203,1,0,0,0,0,1,0,0,0,0,0,209,25,25,1
464,1,0,0,0,0,1,0,0,0,0,0,548,575,575,1
428,1,0,0,0,0,1,0,0,0,0,0,500,463,463,1
163,1,0,0,0,0,1,0,0,0,0,0,172,231,231,1
35,1,0,0,0,0,0,0,0,0,0,0,384,233,233,1
289,1,0,0,0,0,1,0,0,0,0,0,325,334,334,1
594,1,0,0,0,0,1,0,0,0,0,0,66,50,51,1
472,1,0,0,0,0,1,0,0,0,0,0,560,564,564,1
400,1,0,0,0,0,1,0,0,0,0,0,463,561,561,1
281,1,0,0,0,0,1,0,0,0,0,0,316,360,360,1
581,1,0,0,0,0,1,0,0,0,0,0,77,535,535,1
491,1,0,0,0,0,0,0,0,0,0,0,584,284,284,1
63,1,0,0,0,0,0,0,0,0,0,0,47,54,55,1
319,1,0,0,0,0,1,0,0,0,0,0,189,532,532,1
293,1,0,0,0,0,1,0,0,0,0,0,332,368,368,1
431,1,0,0,0,0,0,0,0,0,0,0,504,322,322,1
528,1,0,0,0,0,1,0,0,0,0,0,208,496,496,1
208,1,0,0,0,0,1,0,0,0,0,0,214,41,42,1
314,1,0,0,0,0,1,0,0,0,0,0,357,434,434,1
66,1,0,0,0,0,1,0,0,0,0,0,50,46,47,1
308,1,0,0,0,0,1,0,0,0,0,0,349,397,397,1
49,1,0,0,0,0,0,0,0,0,0,0,27,241,241,1
225,1,0,0,0,0,1,0,0,0,0,0,239,53,43,1
402,1,0,0,0,0,1,0,0,0,0,0,481,559,559,1
523,1,0,0,0,0,1,0,0,0,0,0,170,95,95,1
428,1,0,0,0,0,1,0,0,0,0,0,521,555,555,1
427,1,0,0,0,0,1,0,0,0,0,0,498,325,325,1
503,1,0,0,0,0,1,0,0,0,0,0,591,576,576,1
400,1,0,0,0,0,1,0,0,0,0,0,463,561,561,1
209,1,0,0,0,0,1,0,0,0,0,0,213,21,21,1
286,1,1,0,0,0,1,0,0,0,0,0,337,53,53,1
308,1,0,0,0,0,1,0,0,0,0,0,349,439,440,1
304,1,0,0,0,0,1,0,0,0,0,0,343,381,381,1
160,1,0,0,0,0,1,0,0,0,0,0,168,238,238,1
293,1,0,0,0,0,1,0,0,0,0,0,329,366,366,1
82,1,0,0,0,0,1,0,0,0,0,0,66,474,474,1
151,1,0,0,0,0,1,0,0,0,0,0,158,251,251,1
57,1,0,0,0,0,1,0,0,0,0,0,49,50,51,1
14,1,0,0,0,0,1,0,0,0,0,0,360,164,164,1
264,1,0,0,0,0,1,0,0,0,0,0,295,109,109,1
341,1,0,0,0,0,1,0,0,0,0,0,393,115,115,1
587,1,0,0,0,0,1,0,0,0,0,0,175,537,537,1
535,1,0,0,0,0,1,0,0,0,0,0,442,265,265,1
305,1,0,0,0,0,1,0,0,0,0,0,344,382,382,1
289,1,0,0,0,0,1,0,0,0,0,0,321,325,325,1
121,1,0,0,0,0,1,0,0,0,0,0,245,53,54,1
384,1,0,0,0,0,1,0,0,0,0,0,459,552,552,1
374,1,1,0,0,0,1,0,0,0,0,0,465,42,42,1
414,1,0,0,0,0,1,0,0,0,0,0,481,545,545,1
505,1,0,0,0,0,1,0,0,0,0,0,551,575,575,1
115,1,0,0,0,0,1,0,0,0,0,0,247,232,232,1
306,1,0,0,0,0,1,0,0,0,0,0,346,354,354,1
525,1,0,0,0,0,1,0,0,0,0,0,164,180,180,1
471,1,0,0,0,0,1,0,0,0,0,0,495,326,326,1
288,1,0,0,0,0,1,0,0,0,0,0,319,326,326,1
246,1,0,0,0,0,1,0,0,0,0,0,270,40,40,1
90,1,0,0,0,0,1,0,0,0,0,0,80,426,426,1
556,1,0,0,0,0,1,0,0,0,0,0,61,483,483,1
313,1,0,0,0,0,1,0,0,0,0,0,356,431,431,1
406,1,0,0,0,0,1,0,0,0,0,0,494,551,551,1
470,1,0,0,0,0,1,0,0,0,0,0,556,563,563,1
154,1,0,0,0,0,1,0,0,0,0,0,160,11,11,1
66,1,0,0,0,0,1,0,0,0,0,0,50,46,47,1
247,1,0,0,0,0,1,0,0,0,0,0,264,279,279,1
528,1,0,0,0,0,1,0,0,0,0,0,578,576,576,1
166,1,0,0,0,0,0,0,0,0,0,0,175,307,307,1
471,1,0,0,0,0,1,0,0,0,0,0,555,576,576,1
438,1,0,0,0,0,1,0,0,0,0,0,517,156,156,1
244,1,0,0,0,0,1,0,0,0,0,0,273,528,528,1
88,1,0,0,0,0,1,0,0,0,0,0,78,430,430,1
135,1,0,0,0,0,1,0,0,0,0,0,140,274,274,1
572,1,0,0,0,0,1,0,0,0,0,0,556,577,577,1
590,1,0,0,0,0,1,0,0,0,0,0,81,568,568,1
397,1,0,0,0,0,1,1,0,0,0,0,458,74,74,1
594,1,0,0,0,0,1,0,0,0,0,0,136,553,553,1
218,1,0,0,0,0,1,0,0,0,0,0,226,20,16,1
221,1,0,0,0,0,1,0,0,0,0,0,232,52,44,1
587,1,0,0,0,0,1,0,0,0,0,0,157,534,534,1
288,1,0,0,0,0,1,0,0,0,0,0,319,323,323,1
291,1,0,0,0,0,1,0,0,0,0,0,330,365,365,1
569,1,0,0,0,0,1,0,0,0,0,0,76,103,104,1
175,1,0,0,0,0,0,0,0,0,0,0,185,304,304,1
247,1,0,0,0,0,1,0,0,0,0,0,264,278,278,1
302,1,0,0,0,0,1,0,0,0,0,0,340,309,309,1
398,1,0,0,0,0,1,0,0,0,0,0,460,565,565,1
385,1,0,0,0,0,1,0,0,0,0,0,441,466,466,1
402,1,0,0,0,0,1,0,0,0,0,0,464,574,574,1
61,1,0,0,0,0,1,0,0,0,0,0,49,47,48,1
358,1,0,0,0,0,1,0,0,0,0,0,472,19,19,1
300,1,0,0,0,0,1,0,0,0,0,0,336,311,311,1
213,1,0,0,0,0,1,0,0,0,0,0,218,3,3,1
62,1,0,0,0,0,1,0,0,0,0,0,44,44,45,1
396,1,0,0,0,0,1,0,0,0,0,0,457,570,570,1
290,1,0,0,0,0,1,0,0,0,0,0,324,291,291,1
518,1,0,0,0,0,1,0,0,0,0,0,114,173,173,1
39,1,0,0,0,0,1,0,0,0,0,0,40,36,36,1
225,1,0,0,0,0,1,0,0,0,0,0,239,51,41,1
316,1,0,0,0,0,1,0,0,0,0,0,360,440,440,1
555,1,0,0,0,0,1,0,0,0,0,0,564,577,577,1
307,1,0,0,0,0,1,0,0,0,0,0,260,63,63,1
103,1,1,0,0,0,1,0,0,0,0,0,91,489,489,1
313,1,1,0,0,1,0,0,0,0,0,0,357,440,441,1
497,1,0,0,0,0,1,0,0,0,0,0,593,575,575,1
282,1,0,0,0,0,1,0,0,0,0,0,317,359,359,1
76,1,0,0,0,0,0,0,0,0,0,0,56,488,488,1
435,1,0,0,0,0,1,0,0,0,0,0,510,335,335,1
520,1,0,0,0,0,1,0,0,0,0,0,552,577,577,1
355,1,0,0,0,0,1,0,0,0,0,0,451,540,540,1
548,1,0,0,0,0,1,0,0,0,0,0,386,271,271,1
276,1,0,0,0,0,1,0,0,0,0,0,309,102,102,1
424,1,0,0,0,0,1,0,0,0,0,0,494,321,321,1
319,1,0,0,0,0,1,0,0,0,0,0,365,450,450,1
83,1,0,0,0,0,0,0,0,0,0,0,75,519,519,1
451,1,0,0,0,0,1,0,0,0,0,0,535,566,566,1
128,1,1,0,0,0,1,0,0,0,0,0,123,516,516,1
420,1,0,0,0,0,1,0,0,0,0,0,487,463,463,1
507,1,0,0,0,0,1,0,0,0,0,0,542,524,524,1
544,1,0,0,0,0,1,0,0,0,0,0,269,491,491,1
352,1,0,0,0,0,1,0,0,0,0,0,406,488,488,1
54,1,0,0,0,0,0,0,0,0,0,0,43,74,74,1
266,1,0,0,0,0,1,0,0,0,0,0,297,67,67,1
288,1,0,0,0,0,1,0,0,0,0,0,319,327,327,1
441,1,0,0,0,0,1,0,0,0,0,0,519,151,151,1
510,1,0,0,0,0,1,0,0,0,0,0,552,577,577,1
167,1,0,0,0,0,1,0,0,0,0,0,173,22,19,1
204,1,1,0,0,1,0,0,0,0,0,0,220,570,570,1
77,1,0,0,0,0,0,0,0,0,0,0,66,515,515,1
479,1,0,0,0,0,1,0,0,0,0,0,566,576,576,1
147,1,0,0,0,0,1,0,0,0,0,0,153,257,257,1
259,1,0,0,0,0,1,0,0,0,0,0,288,104,104,1
273,1,1,0,0,0,0,0,0,0,0,0,307,525,525,1
189,1,1,0,0,0,1,0,0,0,0,0,200,580,580,1
248,1,1,0,0,1,0,0,0,0,0,0,275,541,541,1
380,1,0,0,0,0,1,0,0,0,0,0,458,550,550,1
215,1,1,0,0,1,0,0,0,0,0,0,233,563,563,1
49,1,0,0,0,0,0,0,0,0,0,0,27,241,241,1
545,1,0,0,0,0,1,0,0,0,0,0,101,147,147,1
202,1,1,0,0,1,0,0,0,0,0,0,217,571,571,1
495,1,0,0,0,0,1,0,0,0,0,0,590,575,575,1
256,1,0,0,0,0,1,0,0,0,0,0,284,56,56,1
236,1,0,0,0,0,1,0,0,0,0,0,271,276,276,1
432,1,0,0,0,0,1,0,0,0,0,0,505,550,550,1
503,1,0,0,0,0,1,0,0,0,0,0,19,433,433,1
86,1,0,0,0,0,1,0,0,0,0,0,75,490,490,1
181,1,1,0,0,0,1,0,0,0,0,0,190,573,573,1
309,1,1,0,0,1,0,0,0,0,0,0,352,448,449,1
278,1,0,0,0,0,1,0,0,0,0,0,312,349,349,1
228,1,0,0,0,0,1,0,0,0,0,0,246,15,15,1
241,1,0,0,0,0,1,0,0,0,0,0,264,34,34,1
419,1,0,0,0,0,1,0,0,0,0,0,509,554,554,1
539,1,0,0,0,0,1,0,0,0,0,0,279,486,486,1
38,1,0,0,0,0,1,0,0,0,0,0,365,231,231,1
286,1,0,0,0,0,1,0,0,0,0,0,318,338,338,1
281,1,0,0,0,0,1,0,0,0,0,0,315,117,117,1
66,1,0,0,0,0,1,0,0,0,0,0,50,44,45,1
55,1,0,0,0,0,0,0,0,0,0,0,32,283,283,1
318,1,0,0,0,0,1,0,0,0,0,0,362,459,459,1
444,1,0,0,0,0,1,0,0,0,0,0,349,82,82,1
85,1,0,0,0,0,1,0,0,0,0,0,73,504,504,1
279,1,0,0,0,0,1,0,0,0,0,0,313,353,353,1
312,1,0,0,0,0,1,0,0,0,0,0,355,302,302,1
230,1,0,0,0,0,1,0,0,0,0,0,246,60,51,1
367,1,0,0,0,0,1,0,0,0,0,0,424,483,483,1
221,1,0,0,0,0,0,0,0,0,1,0,234,258,258,1
264,1,0,0,0,0,1,0,0,0,0,0,295,109,109,1
418,1,0,0,0,0,1,0,0,0,0,0,486,103,103,1
269,1,0,0,0,0,1,0,0,0,0,0,301,84,84,1
206,1,0,0,0,0,1,0,0,0,0,0,214,22,22,1
322,1,0,0,0,0,0,0,0,0,0,0,275,532,532,1
450,1,0,0,0,0,1,0,0,0,0,0,532,187,187,1
432,1,0,0,0,0,1,0,0,0,0,0,506,123,123,1
291,1,0,0,0,0,1,0,0,0,0,0,324,444,445,1
90,1,0,0,0,0,1,0,0,0,0,0,80,425,425,1
551,1,0,0,0,0,1,0,0,0,0,0,94,136,136,1
306,1,0,0,0,0,1,0,0,0,0,0,345,381,381,1
308,1,0,0,0,0,1,0,0,0,0,0,348,398,398,1
379,1,0,0,0,0,1,0,0,0,0,0,465,540,540,1
231,1,0,0,0,0,0,0,0,0,0,0,246,267,267,1
309,1,0,0,0,0,1,0,0,0,0,0,351,304,304,1
285,1,0,0,0,0,1,0,0,0,0,0,317,332,332,1
313,1,0,0,0,0,1,0,0,0,0,0,357,432,432,1
242,1,0,0,0,0,0,0,0,0,0,0,258,274,274,1
236,1,0,0,0,0,0,0,0,0,0,0,251,272,272,1
247,1,0,0,0,0,1,0,0,0,0,0,264,279,279,1
255,1,0,0,0,0,1,0,0,0,0,0,279,96,90,1
353,1,0,0,0,0,1,0,0,0,0,0,405,464,464,1
225,1,0,0,0,0,1,0,0,0,0,0,239,48,39,1
208,1,0,0,0,0,1,0,0,0,0,0,211,29,29,1
244,1,0,0,0,0,0,0,0,0,0,0,260,276,276,1
554,1,0,0,0,0,1,0,0,0,0,0,381,265,265,1
210,1,0,0,0,0,1,0,0,0,0,0,216,40,40,1
153,1,0,0,0,0,1,0,0,0,0,0,160,302,302,1
331,1,0,0,0,0,1,0,0,0,0,0,381,469,469,1
434,1,0,0,0,0,1,0,0,0,0,0,508,361,361,1
513,1,0,0,0,0,1,0,0,0,0,0,297,486,486,1
444,1,0,0,0,0,1,0,0,0,0,0,520,140,140,1
446,1,0,0,0,0,0,0,0,0,0,0,524,326,326,1
292,1,0,0,0,0,1,0,0,0,0,0,330,329,329,1
458,1,0,0,0,0,1,0,0,0,0,0,542,202,202,1
313,1,0,0,0,0,1,0,0,0,0,0,356,431,431,1
105,1,0,0,0,0,1,0,0,0,0,0,105,533,533,1
461,1,0,0,0,0,1,0,0,0,0,0,540,517,517,1
214,1,0,0,0,0,1,0,0,0,0,0,224,36,31,1
491,1,0,0,0,0,1,0,0,0,0,0,584,575,575,1
290,1,1,0,0,1,0,0,0,0,0,0,328,490,490,1
450,1,0,0,0,0,1,0,0,0,0,0,528,299,299,1
286,1,0,0,0,0,1,0,0,0,0,0,322,352,352,1
305,1,0,0,0,0,1,0,0,0,0,0,343,376,376,1
203,1,0,0,0,0,1,0,0,0,0,0,206,43,44,1
288,1,0,0,0,0,1,0,0,0,0,0,319,325,325,1
456,1,0,0,0,0,0,0,0,0,0,0,537,329,329,1
550,1,0,0,0,0,1,0,0,0,0,0,552,577,577,1
393,1,0,0,0,0,1,0,0,0,0,0,457,128,128,1
247,1,0,0,0,0,0,0,0,0,0,0,264,278,278,1
459,1,0,0,0,0,1,0,0,0,0,0,540,292,292,1
80,1,0,0,0,0,0,0,0,0,0,0,68,449,449,1
382,1,1,0,0,0,1,0,0,0,0,0,463,52,52,1
284,1,0,0,0,0,1,0,0,0,0,0,319,356,356,1
354,1,0,0,0,0,1,0,0,0,0,0,408,487,487,1
462,1,0,0,0,0,1,0,0,0,0,0,543,572,572,1
447,1,0,0,0,0,1,0,0,0,0,0,525,357,357,1
409,1,0,0,0,0,1,0,0,0,0,0,498,547,547,1
158,1,0,0,0,0,0,0,0,0,0,0,166,241,241,1
439,1,0,0,0,0,1,0,0,0,0,0,515,337,337,1
231,1,0,0,0,0,1,0,0,0,0,0,248,55,47,1
218,1,1,0,0,1,0,0,0,0,0,0,237,561,561,1
412,1,0,0,0,0,1,0,0,0,0,0,484,540,540,1
278,1,0,0,0,0,1,0,0,0,0,0,308,288,288,1
292,1,0,0,0,0,1,0,0,0,0,0,329,340,340,1
44,1,0,0,0,0,1,0,0,0,0,0,282,58,58,1
171,1,0,0,0,0,1,0,0,0,0,0,180,570,570,1
441,1,0,0,0,0,1,0,0,0,0,0,517,139,139,1
351,1,0,0,0,0,1,0,0,0,0,0,412,497,497,1
310,1,0,0,0,0,1,0,0,0,0,0,352,415,415,1
279,1,0,0,0,0,1,0,0,0,0,0,314,352,352,1
280,1,0,0,0,0,0,0,0,0,0,0,316,521,521,1
204,1,0,0,0,0,1,0,0,0,0,0,211,17,17,1
236,1,0,0,0,0,0,0,0,0,0,0,251,269,269,1
528,1,0,0,0,0,1,0,0,0,0,0,177,207,207,1
415,1,0,0,0,0,1,0,0,0,0,0,480,474,474,1
400,1,0,0,0,0,1,0,0,0,0,0,476,562,562,1
69,1,0,0,0,0,0,0,0,0,0,0,53,479,479,1
322,1,0,0,0,0,1,0,0,0,0,0,368,461,461,1
416,1,0,0,0,0,1,0,0,0,0,0,490,541,541,1
412,1,0,0,0,0,1,0,0,0,0,0,479,547,547,1
514,1,0,0,0,0,1,0,0,0,0,0,99,113,113,1
523,1,0,0,0,0,1,0,0,0,0,0,149,184,184,1
395,1,0,0,0,0,1,0,0,0,0,0,453,466,466,1
488,1,0,0,0,0,1,0,0,0,0,0,580,267,267,1
285,1,0,0,0,0,1,0,0,0,0,0,320,357,357,1
336,1,0,0,0,0,0,0,0,0,0,0,386,495,495,1
234,1,0,0,0,0,1,0,0,0,0,0,252,56,48,1
339,1,1,0,0,0,1,0,0,0,0,0,438,26,26,1
525,1,0,0,0,0,1,0,0,0,0,0,167,163,163,1
279,1,0,0,0,0,1,0,0,0,0,0,313,354,354,1
227,1,0,0,0,0,1,0,0,0,0,0,243,33,29,1
290,1,0,0,0,0,1,0,0,0,0,0,326,365,365,1
166,1,0,0,0,0,1,0,0,0,0,0,171,14,14,1
313,1,0,0,0,0,1,0,0,0,0,0,356,129,129,1
395,1,0,0,0,0,1,0,0,0,0,0,459,105,105,1
395,1,1,0,0,0,1,0,0,0,0,0,458,70,70,1
583,1,0,0,0,0,1,0,0,0,0,0,137,550,550,1
298,1,0,0,0,0,1,0,0,0,0,0,335,369,369,1
226,1,0,0,0,0,1,0,0,0,0,0,242,19,19,1
122,1,0,0,0,0,1,0,0,0,0,0,272,37,37,1
561,1,0,0,0,0,1,0,0,0,0,0,433,50,50,1
469,1,0,0,0,0,1,0,0,0,0,0,551,576,576,1
454,1,0,0,0,0,1,0,0,0,0,0,535,295,295,1
285,1,0,0,0,0,1,0,0,0,0,0,318,343,343,1
217,1,0,0,0,0,1,0,0,0,0,0,225,4,4,1
47,1,0,0,0,0,1,0,0,0,0,0,258,47,47,1
420,1,0,0,0,0,1,0,0,0,0,0,487,463,463,1
512,1,0,0,0,0,1,0,0,0,0,0,80,120,120,1
436,1,0,0,0,0,1,0,0,0,0,0,511,128,128,1
294,1,0,0,0,0,1,0,0,0,0,0,327,317,317,1
203,1,0,0,0,0,1,0,0,0,0,0,208,29,29,1
62,1,0,0,0,0,0,0,0,0,0,0,43,499,499,1
431,1,0,0,0,0,1,0,0,0,0,0,504,314,314,1
237,1,0,0,0,0,0,0,0,0,0,0,252,270,270,1
435,1,0,0,0,0,1,0,0,0,0,0,508,550,550,1
292,1,0,0,0,0,1,0,0,0,0,0,324,333,333,1
531,1,0,0,0,0,1,0,0,0,0,0,219,164,164,1
96,1,0,0,0,0,1,0,0,0,0,0,94,518,518,1
184,1,0,0,0,0,1,0,0,0,0,0,188,95,96,1
560,1,0,0,0,0,1,0,0,0,0,0,233,509,509,1
188,1,0,0,0,0,1,0,0,0,0,0,299,266,266,1
291,1,0,0,0,0,1,0,0,0,0,0,328,366,366,1
94,1,0,0,0,0,1,0,0,0,0,0,91,522,522,1
349,1,0,0,0,0,1,0,0,0,0,0,402,101,101,1
473,1,0,0,0,0,0,0,0,0,0,0,561,338,338,1
371,1,0,0,0,0,1,0,0,0,0,0,430,122,122,1
452,1,0,0,0,0,1,0,0,0,0,0,533,555,555,1
539,1,0,0,0,0,1,0,0,0,0,0,552,577,577,1
203,1,0,0,0,0,1,0,0,0,0,0,209,20,20,1
384,1,0,0,0,0,1,0,0,0,0,0,446,477,477,1
310,1,0,0,0,0,1,0,0,0,0,0,352,416,416,1
488,1,0,0,0,0,1,0,0,0,0,0,580,271,271,1
543,1,0,0,0,0,1,0,0,0,0,0,320,67,67,1
78,1,0,0,0,0,1,0,0,0,0,0,65,232,232,1
427,1,0,0,0,0,1,0,0,0,0,0,500,136,136,1
587,1,0,0,0,0,1,0,0,0,0,0,98,50,51,1
444,1,0,0,0,0,1,0,0,0,0,0,522,340,340,1
519,1,0,0,0,0,1,0,0,0,0,0,118,179,179,1
288,1,0,0,0,0,1,0,0,0,0,0,328,353,353,1
408,1,0,0,0,0,1,0,0,0,0,0,499,548,548,1
413,1,0,0,0,0,1,0,0,0,0,0,494,544,544,1
141,1,0,0,0,0,0,0,0,0,0,0,147,270,270,1
225,1,0,0,0,0,1,0,0,0,0,0,239,52,42,1
172,1,1,0,0,0,1,0,0,0,0,0,183,146,146,1
284,1,0,0,0,0,1,0,0,0,0,0,316,334,334,1
60,1,0,0,0,0,0,0,0,0,0,0,41,503,503,1
425,1,0,0,0,0,1,0,0,0,0,0,496,544,544,1
416,1,0,0,0,0,1,0,0,0,0,0,506,537,537,1
135,1,0,0,0,0,0,0,0,0,0,0,140,279,279,1
545,1,0,0,0,0,1,0,0,0,0,0,411,265,265,1
533,1,0,0,0,0,1,0,0,0,0,0,73,430,430,1
357,1,0,0,0,0,1,0,0,0,0,0,412,487,487,1
126,1,0,0,0,0,1,0,0,0,0,0,120,529,529,1
529,1,0,0,0,0,1,0,0,0,0,0,213,128,128,1
525,1,0,0,0,0,1,0,0,0,0,0,50,530,530,1
330,1,0,0,0,0,1,0,0,0,0,0,378,468,468,1
224,1,0,0,0,0,1,0,0,0,0,0,240,16,16,1
338,1,0,0,0,0,1,0,0,0,0,0,388,468,468,1
255,1,1,0,0,0,0,0,0,0,0,0,286,530,530,1
57,1,0,0,0,0,0,0,0,0,0,0,39,87,88,1
370,1,0,0,0,0,1,0,0,0,0,0,459,540,540,1
259,1,0,0,0,0,1,0,0,0,0,0,287,59,59,1
575,1,0,0,0,0,1,0,0,0,0,0,163,538,538,1
64,1,0,0,0,0,1,0,0,0,0,0,50,56,56,1
178,1,0,0,0,0,1,0,0,0,0,0,184,16,16,1
205,1,0,0,0,0,1,0,0,0,0,0,208,40,41,1
356,1,0,0,0,0,1,0,0,0,0,0,408,464,464,1
66,1,0,0,0,0,1,0,0,0,0,0,50,51,51,1
213,1,0,0,0,0,1,0,0,0,0,0,218,1,1,1
258,1,0,0,0,0,1,0,0,0,0,0,281,307,307,1
386,1,0,0,0,0,1,0,0,0,0,0,443,469,469,1
164,1,0,0,0,0,1,0,0,0,0,0,173,237,237,1
126,1,0,0,0,0,0,0,0,0,0,0,129,295,295,1
533,1,0,0,0,0,1,0,0,0,0,0,72,429,429,1
73,1,0,0,0,0,0,0,0,0,0,0,53,491,491,1
