CommentId,VideoId,Text,IsToxic,IsAbusive,IsThreat,IsProvocative,IsObscene,IsHatespeech,IsRacist,IsNationalist,IsSexist,IsHomophobic,IsReligiousHate,IsRadicalism,cleaned_text,semantic_tokens,processed_text
267,1,470,1,1,0,0,0,1,1,0,0,0,0,0,551,574,574
593,1,488,1,0,0,0,0,1,0,0,0,0,1,0,580,337,337
336,1,5,1,1,0,0,1,0,0,0,0,0,0,0,166,562,562
144,5,529,0,0,0,0,0,0,0,0,0,0,0,0,234,537,537
334,4,196,0,0,0,0,0,0,0,0,0,0,0,0,225,391,391
152,1,37,1,1,0,0,0,0,0,0,0,0,0,0,8,2,2
174,5,184,0,0,0,0,0,0,0,0,0,0,0,0,195,336,336
183,5,119,0,0,0,0,0,0,0,0,0,0,0,0,120,209,209
424,5,476,0,0,0,0,0,0,0,0,0,0,0,0,561,476,476
452,6,455,1,1,0,0,0,0,0,0,0,0,0,0,533,68,68
131,5,105,0,0,0,0,0,0,0,0,0,0,0,0,105,374,374
523,6,505,1,0,0,0,0,1,1,0,0,0,0,0,28,375,375
274,12,368,0,0,0,0,0,0,0,0,0,0,0,0,420,93,93
408,1,161,1,1,0,1,0,1,1,0,0,0,0,0,169,151,151
238,7,540,0,0,0,0,0,0,0,0,0,0,0,0,280,319,319
376,12,426,0,0,0,0,0,0,0,0,0,0,0,0,496,358,358
332,5,473,0,0,0,0,0,0,0,0,0,0,0,0,557,257,257
554,10,397,1,1,0,1,0,1,1,1,0,0,0,0,458,73,73
544,4,72,1,1,1,0,0,0,0,0,0,0,0,0,56,71,71
208,5,348,1,1,0,0,0,0,0,0,0,0,0,0,398,355,355
24,9,254,1,1,0,0,0,0,0,0,0,0,0,0,283,320,320
88,7,514,0,0,0,0,0,0,0,0,0,0,0,0,85,22,22
218,2,233,0,0,0,0,0,0,0,0,0,0,0,0,243,178,178
188,12,378,0,0,0,0,0,0,0,0,0,0,0,0,430,148,148
404,1,210,0,0,0,0,0,0,0,0,0,0,0,0,215,99,99
256,1,214,1,0,0,0,0,1,1,0,0,0,0,0,219,1,1
495,10,453,1,1,0,1,0,0,0,0,0,0,0,0,529,62,62
55,7,98,0,0,0,0,0,0,0,0,0,0,0,0,97,447,448
90,2,305,1,0,0,0,0,1,1,0,0,0,0,0,343,373,373
575,10,429,1,1,0,0,0,0,0,0,0,0,0,0,501,134,134
460,1,204,1,0,0,0,0,1,1,0,0,0,0,0,206,48,49
466,12,299,0,0,0,0,0,0,0,0,0,0,0,0,339,364,364
428,5,394,1,0,0,0,0,1,1,0,0,0,0,0,454,575,575
173,5,520,0,0,0,0,0,0,0,0,0,0,0,0,125,329,329
465,1,547,0,0,0,0,0,0,0,0,0,0,0,0,341,377,377
98,1,250,1,1,0,0,0,0,0,0,0,0,0,0,269,288,288
286,5,150,0,0,0,0,0,0,0,0,0,0,0,0,156,37,37
61,9,211,1,1,0,1,0,0,0,0,0,0,0,0,216,254,254
429,5,466,0,0,0,0,0,0,0,0,0,0,0,0,548,80,80
511,10,356,1,1,0,0,1,0,0,0,0,0,0,0,460,173,173
350,5,421,0,0,0,0,0,0,0,0,0,0,0,0,490,589,589
305,0,163,1,1,0,0,0,0,0,0,0,0,0,0,172,230,230
567,10,155,0,0,0,0,0,0,0,0,0,0,0,0,162,187,187
338,5,218,0,0,0,0,0,0,0,0,0,0,0,0,229,242,242
136,7,97,1,0,0,0,0,1,1,0,0,0,0,0,96,528,528
185,12,506,0,0,0,0,0,0,0,0,0,0,0,0,38,32,32
515,10,64,1,1,0,1,0,0,0,0,0,0,0,0,46,47,48
478,5,469,1,0,0,0,0,1,1,0,0,0,0,0,552,577,577
3,1,18,0,0,0,0,0,0,0,0,0,0,0,0,565,583,583
110,5,533,0,0,0,0,0,0,0,0,0,0,0,0,268,417,417
528,0,338,1,1,0,1,0,0,0,0,0,0,0,0,387,164,164
456,5,414,0,0,0,0,0,0,0,0,0,0,0,0,481,222,222
482,1,223,0,0,0,0,0,0,0,0,0,0,0,0,236,131,131
165,1,457,1,0,0,0,0,1,1,0,0,0,0,0,535,487,487
73,5,220,0,0,0,0,0,0,0,0,0,0,0,0,231,78,78
418,4,445,0,0,0,0,0,0,0,0,0,0,0,0,522,557,557
255,5,552,1,1,0,0,1,0,0,0,0,0,0,0,353,416,416
311,1,594,0,0,0,0,0,0,0,0,0,0,0,0,292,590,590
560,9,393,0,0,0,0,0,0,0,0,0,0,0,0,450,469,469
87,7,17,0,0,0,0,0,0,0,0,0,0,0,0,260,273,273
47,7,66,1,0,0,0,0,1,1,0,0,0,0,0,50,44,45
253,5,542,0,0,0,0,0,0,0,0,0,0,0,0,297,297,297
197,12,492,0,0,0,0,0,0,0,0,0,0,0,0,585,194,194
517,3,93,1,1,0,0,0,0,0,0,0,0,0,0,86,127,127
126,5,128,1,1,0,1,0,0,0,0,0,0,0,0,131,519,519
1,7,340,0,0,0,0,0,0,0,0,0,0,0,0,391,376,376
488,10,388,1,1,0,1,0,0,0,0,0,0,0,0,443,531,531
337,7,510,1,1,0,0,0,0,0,0,0,0,0,0,69,97,97
574,10,137,0,0,0,0,0,0,0,0,0,0,0,0,141,188,188
54,10,513,0,0,0,0,0,0,0,0,0,0,0,0,84,395,395
106,7,402,1,0,0,0,0,1,1,0,0,0,0,0,465,559,559
569,10,213,1,1,1,1,0,0,0,0,0,0,0,0,218,229,229
563,10,405,0,0,0,0,0,0,0,0,0,0,0,0,469,19,19
277,7,225,1,0,0,0,0,1,1,0,0,0,0,0,239,53,43
261,4,35,1,1,0,1,0,0,0,0,0,0,0,0,7,536,536
242,5,22,0,0,0,0,0,0,0,0,0,0,0,0,59,539,539
89,5,232,0,0,0,0,0,0,0,0,0,0,0,0,238,239,239
464,1,417,1,0,0,0,0,1,1,0,0,0,0,0,486,103,103
389,12,301,0,0,0,0,0,0,0,0,0,0,0,0,336,533,532
239,7,341,1,1,0,1,0,0,0,0,0,0,0,0,392,385,385
38,12,418,1,1,0,0,0,0,0,0,0,0,0,0,487,440,440
130,4,3,1,1,0,1,0,0,0,0,0,0,0,0,88,179,179
484,12,256,0,0,0,0,0,0,0,0,0,0,0,0,284,527,527
51,12,253,0,0,0,0,0,0,0,0,0,0,0,0,276,307,307
103,5,576,0,0,0,0,0,0,0,0,0,0,0,0,512,546,546
471,5,465,0,0,0,0,0,0,0,0,0,0,0,0,546,88,88
398,1,401,1,1,0,1,0,0,0,0,0,0,0,0,463,407,407
497,10,42,1,0,0,0,0,1,0,0,0,0,0,0,14,281,281
354,7,160,0,0,0,0,0,0,0,0,0,0,0,0,168,147,147
381,10,559,1,1,0,0,0,0,0,0,0,0,0,0,390,260,260
307,12,308,0,0,0,0,0,0,0,0,0,0,0,0,347,389,389
382,12,243,0,0,0,0,0,0,0,0,0,0,0,0,258,271,271
543,10,167,1,1,0,1,0,0,0,0,0,0,0,0,176,516,516
0,10,267,0,0,0,0,0,0,0,0,0,0,0,0,301,333,333
296,2,373,0,0,0,0,0,0,0,0,0,0,0,0,453,23,23
257,12,242,0,0,0,0,0,0,0,0,0,0,0,0,272,290,290
594,1,258,1,1,0,1,0,0,0,0,0,0,0,0,286,545,545
386,1,139,0,0,0,0,0,0,0,0,0,0,0,0,144,325,325
5,12,142,0,0,0,0,0,0,0,0,0,0,0,0,148,244,244
143,4,112,0,0,0,0,0,0,0,0,0,0,0,0,113,57,57
140,1,247,1,0,0,0,0,1,1,0,0,0,0,0,264,278,278
453,10,114,1,1,0,1,0,0,0,0,0,0,0,0,112,191,191
227,4,583,0,0,0,0,0,0,0,0,0,0,0,0,570,343,343
72,5,557,0,0,0,0,0,0,0,0,0,0,0,0,377,123,123
230,2,337,0,0,0,0,0,0,0,0,0,0,0,0,388,250,250
273,1,416,0,0,0,0,0,0,0,0,0,0,0,0,483,219,219
335,2,61,0,0,0,0,0,0,0,0,0,0,0,0,43,77,77
345,1,92,0,0,0,0,0,0,0,0,0,0,0,0,83,451,452
57,7,586,0,0,0,0,0,0,0,0,0,0,0,0,575,346,346
538,10,134,1,1,0,0,1,0,0,0,0,0,0,0,138,240,240
169,5,279,0,0,0,0,0,0,0,0,0,0,0,0,314,289,289
198,5,285,1,1,0,1,0,0,0,0,0,0,0,0,326,246,246
282,1,51,1,0,0,0,0,1,1,0,0,0,0,0,31,232,232
461,12,187,0,0,0,0,0,0,0,0,0,0,0,0,198,500,500
352,1,450,0,0,0,0,0,0,0,0,0,0,0,0,530,571,570
568,10,48,1,1,0,1,1,0,0,0,0,0,0,0,26,263,263
92,12,518,0,0,0,0,0,0,0,0,0,0,0,0,99,460,460
548,4,38,1,1,0,1,0,0,0,0,0,0,0,0,10,35,34
355,10,140,1,1,0,1,1,0,0,0,0,0,0,0,146,168,168
162,5,446,1,0,0,0,0,1,1,0,0,0,0,0,523,141,141
566,10,420,0,0,0,0,0,0,0,0,0,0,0,0,489,180,180
29,5,284,1,1,0,0,0,0,0,0,0,0,0,0,321,126,126
445,5,152,0,0,0,0,0,0,0,0,0,0,0,0,158,235,235
43,2,355,1,0,0,0,0,1,1,0,0,0,0,0,451,541,541
40,9,593,0,0,0,0,0,0,0,0,0,0,0,0,254,579,579
413,5,292,0,0,0,0,0,0,0,0,0,0,0,0,327,359,359
150,1,78,0,0,0,0,0,0,0,0,0,0,0,0,58,502,502
555,10,396,1,1,1,0,0,0,0,0,0,0,0,0,457,301,301
577,10,227,1,1,0,1,0,0,0,0,0,0,0,0,244,237,237
329,1,59,1,1,0,0,1,0,0,0,0,0,0,0,40,110,110
380,5,62,1,0,0,0,0,1,1,0,0,0,0,0,44,43,44
344,5,369,0,0,0,0,0,0,0,0,0,0,0,0,421,203,204
229,3,560,0,0,0,0,0,0,0,0,0,0,0,0,406,492,492
112,5,186,1,1,0,0,1,0,0,0,0,0,0,0,197,567,567
379,5,447,0,0,0,0,0,0,0,0,0,0,0,0,524,566,566
362,10,10,0,0,0,0,0,0,0,0,0,0,0,0,21,13,13
333,7,181,1,1,0,0,0,0,0,0,0,0,0,0,191,457,457
304,5,536,0,0,0,0,0,0,0,0,0,0,0,0,278,306,306
128,5,54,0,0,0,0,0,0,0,0,0,0,0,0,33,529,529
62,5,189,1,1,0,0,1,1,1,0,0,0,0,0,200,581,581
184,12,199,0,0,0,0,0,0,0,0,0,0,0,0,251,475,475
2,5,132,0,0,0,0,0,0,0,0,0,0,0,0,135,79,79
109,5,345,0,0,0,0,0,0,0,0,0,0,0,0,402,4,4
395,2,136,0,0,0,0,0,0,0,0,0,0,0,0,140,87,87
385,8,115,0,0,0,0,0,0,0,0,0,0,0,0,114,338,338
244,5,564,1,1,0,0,0,0,0,0,0,0,0,0,435,223,223
322,1,76,0,0,0,0,0,0,0,0,0,0,0,0,65,218,218
407,5,144,1,1,0,1,0,0,0,0,0,0,0,0,193,518,518
368,1,73,0,0,0,0,0,0,0,0,0,0,0,0,62,435,435
432,12,269,0,0,0,0,0,0,0,0,0,0,0,0,303,243,243
483,5,2,0,0,0,0,0,0,0,0,0,0,0,0,22,14,14
204,1,515,1,1,0,0,0,0,0,0,0,0,0,0,90,227,227
206,1,504,0,0,0,0,0,0,0,0,0,0,0,0,27,234,234
433,1,449,1,1,1,0,0,1,1,0,0,0,0,0,528,342,342
406,4,575,1,1,0,1,0,0,0,0,0,0,0,0,505,31,31
475,1,102,1,1,0,0,0,0,0,0,0,0,0,0,103,26,26
96,5,384,0,0,0,0,0,0,0,0,0,0,0,0,438,316,316
187,10,389,0,0,0,0,0,0,0,0,0,0,0,0,446,409,409
111,12,335,1,1,0,0,0,0,0,0,0,0,0,0,384,41,42
14,5,411,1,1,0,0,1,0,0,0,0,0,0,0,476,132,132
259,12,321,0,0,0,0,0,0,0,0,0,0,0,0,367,472,472
289,5,151,0,0,0,0,0,0,0,0,0,0,0,0,157,556,556
378,12,551,0,0,0,0,0,0,0,0,0,0,0,0,352,404,404
21,10,508,1,1,1,0,0,0,0,0,0,0,0,0,42,33,33
319,1,194,0,0,0,0,0,0,0,0,0,0,0,0,223,491,491
493,10,460,0,0,0,0,0,0,0,0,0,0,0,0,538,412,412
6,12,268,0,0,0,0,0,0,0,0,0,0,0,0,302,184,184
539,10,326,1,1,0,1,0,0,0,0,0,0,0,0,373,439,437
82,12,272,0,0,0,0,0,0,0,0,0,0,0,0,306,332,332
52,9,131,0,0,0,0,0,0,0,0,0,0,0,0,134,501,501
360,5,185,0,0,0,0,0,0,0,0,0,0,0,0,196,479,479
415,6,7,1,1,0,0,0,0,0,0,0,0,0,0,525,563,563
477,4,526,1,1,0,1,0,0,0,0,0,0,0,0,170,153,153
149,12,295,0,0,0,0,0,0,0,0,0,0,0,0,333,403,403
537,10,77,1,0,0,0,0,1,1,1,0,0,0,0,57,488,488
71,5,118,0,0,0,0,0,0,0,0,0,0,0,0,119,208,208
531,10,40,0,0,0,0,0,0,0,0,0,0,0,0,12,303,303
252,2,177,0,0,0,0,0,0,0,0,0,0,0,0,187,586,586
535,10,309,1,1,0,1,0,0,0,0,0,0,0,0,348,390,390
240,7,549,0,0,0,0,0,0,0,0,0,0,0,0,350,400,400
403,0,229,1,0,0,0,0,1,1,1,0,0,0,0,247,16,16
171,2,479,0,0,0,0,0,0,0,0,0,0,0,0,566,30,30
525,10,246,0,0,0,0,0,0,0,0,0,0,0,0,263,277,277
262,7,86,0,0,0,0,0,0,0,0,0,0,0,0,74,287,287
193,5,367,0,0,0,0,0,0,0,0,0,0,0,0,414,514,515
142,2,104,0,0,0,0,0,0,0,0,0,0,0,0,104,150,150
4,12,302,0,0,0,0,0,0,0,0,0,0,0,0,337,339,339
450,12,546,0,0,0,0,0,0,0,0,0,0,0,0,333,403,403
27,7,585,1,1,0,0,0,0,0,0,0,0,0,0,576,415,415
288,12,297,0,0,0,0,0,0,0,0,0,0,0,0,335,311,311
436,7,170,0,0,0,0,0,0,0,0,0,0,0,0,179,283,283
69,7,1,1,1,0,1,0,0,0,0,0,0,0,0,288,122,122
323,12,300,0,0,0,0,0,0,0,0,0,0,0,0,334,265,265
284,1,291,0,0,0,0,0,0,0,0,0,0,0,0,324,357,357
377,1,413,1,1,0,0,0,0,0,0,0,0,0,0,480,216,216
243,12,522,0,0,0,0,0,0,0,0,0,0,0,0,136,238,238
199,1,494,1,1,0,1,1,0,0,0,0,0,0,0,589,378,378
248,4,53,1,1,0,0,0,0,0,0,0,0,0,0,34,405,405
297,12,491,0,0,0,0,0,0,0,0,0,0,0,0,584,160,160
100,1,383,1,1,0,0,0,0,0,0,0,0,0,0,437,272,272
291,1,357,1,1,0,0,1,1,1,0,0,0,0,0,472,18,18
120,12,55,0,0,0,0,0,0,0,0,0,0,0,0,35,24,25
280,9,328,1,1,0,0,1,0,0,0,0,0,0,0,376,480,480
251,9,117,0,0,0,0,0,0,0,0,0,0,0,0,118,207,207
448,10,123,0,0,0,0,0,0,0,0,0,0,0,0,124,228,228
105,5,88,0,0,0,0,0,0,0,0,0,0,0,0,77,117,117
170,5,582,0,0,0,0,0,0,0,0,0,0,0,0,563,393,393
486,10,193,1,1,1,1,0,0,0,0,0,0,0,0,204,558,558
20,5,487,0,0,0,0,0,0,0,0,0,0,0,0,578,104,104
15,5,462,0,0,0,0,0,0,0,0,0,0,0,0,543,253,253
441,7,578,0,0,0,0,0,0,0,0,0,0,0,0,539,70,70
108,1,74,1,1,0,0,1,0,0,0,0,0,0,0,63,171,171
357,1,25,0,0,0,0,0,0,0,0,0,0,0,0,510,565,565
212,1,489,1,1,0,0,0,0,0,0,0,0,0,0,581,135,135
546,0,273,0,0,0,0,0,0,0,0,0,0,0,0,307,414,414
234,1,496,1,1,0,0,0,0,0,0,0,0,0,0,592,504,504
562,10,315,1,1,0,1,1,1,1,0,0,0,0,0,359,437,438
463,12,354,0,0,0,0,0,0,0,0,0,0,0,0,426,200,201
373,2,562,0,0,0,0,0,0,0,0,0,0,0,0,425,156,156
219,4,436,1,0,0,0,0,1,1,1,0,0,0,0,515,163,163
374,1,222,1,0,0,0,0,1,0,0,0,0,1,0,235,258,258
321,5,333,0,0,0,0,0,0,0,0,0,0,0,0,382,441,441
572,10,351,1,0,0,0,0,1,1,0,0,0,0,0,405,489,489
147,5,270,0,0,0,0,0,0,0,0,0,0,0,0,305,295,295
502,6,85,0,0,0,0,0,0,0,0,0,0,0,0,72,107,107
513,10,403,1,1,1,1,0,0,0,0,0,0,0,0,466,340,340
59,12,15,0,0,0,0,0,0,0,0,0,0,0,0,76,114,114
295,9,281,1,1,0,0,0,0,0,0,0,0,0,0,316,280,280
189,0,106,0,0,0,0,0,0,0,0,0,0,0,0,106,251,251
157,5,43,0,0,0,0,0,0,0,0,0,0,0,0,15,381,381
467,5,349,0,0,0,0,0,0,0,0,0,0,0,0,403,512,513
278,5,570,0,0,0,0,0,0,0,0,0,0,0,0,474,90,90
308,5,350,1,1,0,0,0,0,0,0,0,0,0,0,404,484,484
163,12,448,0,0,0,0,0,0,0,0,0,0,0,0,527,344,344
269,1,81,1,1,0,0,0,0,0,0,0,0,0,0,66,86,86
584,10,325,0,0,0,0,0,0,0,0,0,0,0,0,372,115,115
97,1,240,0,0,0,0,0,0,0,0,0,0,0,0,259,406,406
540,10,283,0,0,0,0,0,0,0,0,0,0,0,0,318,245,245
325,5,50,0,0,0,0,0,0,0,0,0,0,0,0,30,17,17
363,1,410,1,1,0,0,1,0,0,0,0,0,0,0,475,120,120
178,12,320,1,1,0,0,1,0,0,0,0,0,0,0,366,433,433
179,7,202,0,0,0,0,0,0,0,0,0,0,0,0,211,328,328
58,7,282,1,0,0,0,0,1,1,0,0,0,0,0,317,361,361
504,10,314,1,1,0,0,0,0,0,0,0,0,0,0,357,431,431
215,12,36,0,0,0,0,0,0,0,0,0,0,0,0,23,503,503
64,5,266,1,1,1,1,0,0,0,0,0,0,0,0,300,102,102
186,5,408,1,0,0,0,0,1,1,0,0,0,0,0,500,549,549
558,9,235,0,0,0,0,0,0,0,0,0,0,0,0,246,137,137
457,1,571,1,1,0,0,1,0,0,0,0,0,0,0,477,176,176
270,1,324,1,0,0,0,0,1,1,0,0,0,1,0,371,462,462
393,2,391,0,0,0,0,0,0,0,0,0,0,0,0,448,428,428
146,7,251,0,0,0,0,0,0,0,0,0,0,0,0,273,294,294
551,10,201,1,1,1,1,0,0,0,0,0,0,0,0,208,140,140
155,2,217,0,0,0,0,0,0,0,0,0,0,0,0,228,327,327
135,2,34,1,1,0,0,1,0,0,0,0,0,0,0,1,302,302
99,5,121,0,0,0,0,0,0,0,0,0,0,0,0,122,210,210
35,5,573,0,0,0,0,0,0,0,0,0,0,0,0,485,196,196
217,7,169,1,1,0,0,1,0,0,0,0,0,0,0,178,282,282
589,11,372,0,0,0,0,0,0,0,0,0,0,0,0,424,25,24
431,7,592,1,1,0,0,0,1,1,0,0,0,0,0,165,543,543
405,12,65,1,1,0,1,0,0,0,0,0,0,0,0,48,54,54
411,1,262,1,1,0,1,0,0,0,0,0,0,0,0,289,485,485
23,10,110,1,1,0,0,1,0,0,0,0,0,0,0,110,166,166
107,1,259,1,1,0,0,0,0,0,0,0,0,0,0,287,341,341
356,5,244,0,0,0,0,0,0,0,0,0,0,0,0,261,276,276
370,7,329,0,0,0,0,0,0,0,0,0,0,0,0,378,213,213
205,10,23,1,1,0,0,0,0,0,0,0,0,0,0,2,387,387
191,5,441,0,0,0,0,0,0,0,0,0,0,0,0,518,334,334
506,4,306,0,0,0,0,0,0,0,0,0,0,0,0,345,383,383
553,10,532,1,1,0,1,1,0,0,0,0,0,0,0,256,438,439
79,7,477,0,0,0,0,0,0,0,0,0,0,0,0,562,167,167
449,5,567,0,0,0,0,0,0,0,0,0,0,0,0,445,382,382
181,10,317,1,1,0,1,0,0,0,0,0,0,0,0,361,439,437
63,5,346,0,0,0,0,0,0,0,0,0,0,0,0,397,145,145
309,5,176,0,0,0,0,0,0,0,0,0,0,0,0,186,310,310
207,5,319,1,1,0,1,1,0,0,0,0,0,0,0,365,459,459
422,1,376,1,1,0,0,0,0,0,0,0,0,0,0,428,82,83
549,10,554,1,1,1,1,0,0,0,0,0,0,0,0,362,161,161
536,10,553,1,1,1,0,0,0,0,0,0,0,0,0,361,439,437
28,5,590,0,0,0,0,0,0,0,0,0,0,0,0,590,413,413
455,6,145,1,0,0,0,0,1,1,0,0,0,0,0,149,11,11
341,5,481,0,0,0,0,0,0,0,0,0,0,0,0,569,92,92
534,10,280,1,1,0,1,0,0,0,0,0,0,0,0,315,495,495
95,5,195,0,0,0,0,0,0,0,0,0,0,0,0,224,52,53
512,4,499,1,1,0,1,0,0,0,0,0,0,0,0,3,436,436
275,9,198,0,0,0,0,0,0,0,0,0,0,0,0,227,584,584
346,5,190,0,0,0,0,0,0,0,0,0,0,0,0,201,582,582
132,5,271,0,0,0,0,0,0,0,0,0,0,0,0,304,39,39
148,5,591,1,1,0,0,0,0,0,0,0,0,0,0,595,139,139
440,9,322,1,1,0,0,0,0,0,0,0,0,0,0,368,42,40
579,7,87,0,0,0,0,0,0,0,0,0,0,0,0,75,112,112
134,5,486,1,1,0,1,1,0,0,0,0,0,0,0,577,588,588
518,4,431,1,1,0,1,0,0,0,0,0,0,0,0,503,530,530
358,12,544,1,0,0,0,0,1,1,0,0,0,0,0,322,55,55
494,5,598,1,0,0,0,0,1,1,0,0,0,0,0,47,50,51
545,1,521,1,1,0,0,1,1,1,0,0,0,0,0,126,192,192
16,12,56,0,0,0,0,0,0,0,0,0,0,0,0,4,478,478
458,7,159,0,0,0,0,0,0,0,0,0,0,0,0,167,146,146
503,10,82,0,0,0,0,0,0,0,0,0,0,0,0,68,96,96
473,1,293,1,0,0,0,0,1,1,0,0,0,0,0,330,149,149
420,5,303,0,0,0,0,0,0,0,0,0,0,0,0,342,371,371
367,5,454,0,0,0,0,0,0,0,0,0,0,0,0,544,67,67
501,10,238,1,1,1,0,0,0,0,0,0,0,0,0,255,0,0
299,2,221,0,0,0,0,0,0,0,0,0,0,0,0,232,585,585
77,5,120,1,1,0,0,1,0,0,0,0,0,0,0,121,211,211
176,12,288,1,0,0,0,0,1,1,0,0,0,0,0,319,446,447
209,10,386,0,0,0,0,0,0,0,0,0,0,0,0,440,349,349
530,5,91,1,0,0,0,0,1,1,0,0,0,0,0,82,423,423
419,1,286,1,0,0,0,0,1,1,0,0,0,0,0,325,360,360
283,7,20,1,1,0,0,1,0,0,0,0,0,0,0,542,175,175
200,12,122,0,0,0,0,0,0,0,0,0,0,0,0,123,212,212
266,9,444,1,1,0,0,0,0,0,0,0,0,0,0,521,111,111
489,10,109,1,1,0,0,1,0,0,0,0,0,0,0,109,169,169
596,10,327,1,1,0,1,0,0,0,0,0,0,0,0,374,471,471
65,7,99,0,0,0,0,0,0,0,0,0,0,0,0,98,445,446
247,10,534,1,1,0,0,0,0,0,0,0,0,0,0,271,291,291
210,12,442,0,0,0,0,0,0,0,0,0,0,0,0,519,429,429
70,1,563,1,1,0,0,1,0,0,0,0,0,0,0,434,226,226
437,10,509,1,1,1,0,0,0,0,0,0,0,0,0,67,95,95
104,1,143,0,0,0,0,0,0,0,0,0,0,0,0,180,284,284
583,4,47,0,0,0,0,0,0,0,0,0,0,0,0,25,456,456
426,5,287,0,0,0,0,0,0,0,0,0,0,0,0,328,190,190
201,5,16,1,0,0,0,0,1,1,1,0,0,0,0,400,231,231
37,3,111,1,1,0,0,0,0,0,0,0,0,0,0,111,177,177
347,5,584,0,0,0,0,0,0,0,0,0,0,0,0,573,590,590
196,1,79,1,1,0,1,0,1,1,0,0,0,0,0,60,463,463
462,2,212,0,0,0,0,0,0,0,0,0,0,0,0,217,317,317
138,8,166,0,0,0,0,0,0,0,0,0,0,0,0,175,152,152
410,7,234,0,0,0,0,0,0,0,0,0,0,0,0,249,442,442
317,12,587,0,0,0,0,0,0,0,0,0,0,0,0,579,450,451
221,5,101,1,1,0,0,0,0,0,0,0,0,0,0,102,144,144
339,5,353,0,0,0,0,0,0,0,0,0,0,0,0,415,508,509
74,5,162,0,0,0,0,0,0,0,0,0,0,0,0,171,214,214
496,10,11,1,0,0,0,0,1,1,0,0,0,0,0,299,61,61
526,10,191,1,1,1,0,0,0,0,0,0,0,0,0,202,181,181
159,1,507,1,1,0,0,0,0,0,0,0,0,0,0,39,521,521
268,1,572,0,0,0,0,0,0,0,0,0,0,0,0,479,225,225
231,1,236,0,0,0,0,0,0,0,0,0,0,0,0,252,353,353
235,7,323,1,1,0,1,0,0,0,0,0,0,0,0,369,464,464
60,12,172,0,0,0,0,0,0,0,0,0,0,0,0,182,304,304
592,4,197,1,1,0,0,1,0,0,0,0,0,0,0,226,98,98
425,5,579,1,0,0,0,0,1,1,0,0,0,0,0,553,578,578
485,1,599,1,0,0,0,0,1,1,0,0,0,0,0,89,572,572
390,12,171,1,0,0,0,0,1,1,0,0,0,0,0,181,309,309
180,8,395,0,0,0,0,0,0,0,0,0,0,0,0,455,300,300
443,5,531,1,1,0,0,1,0,0,0,0,0,0,0,241,138,138
265,12,175,0,0,0,0,0,0,0,0,0,0,0,0,185,305,305
384,1,14,0,0,0,0,0,0,0,0,0,0,0,0,541,91,91
412,5,231,0,0,0,0,0,0,0,0,0,0,0,0,250,494,494
118,12,13,0,0,0,0,0,0,0,0,0,0,0,0,504,532,533
474,1,374,1,1,0,1,0,0,0,0,0,0,0,0,452,205,205
366,8,574,0,0,0,0,0,0,0,0,0,0,0,0,498,555,555
542,4,67,1,0,0,0,0,1,1,0,0,0,0,0,51,59,59
414,1,483,1,1,0,1,0,0,0,0,0,0,0,0,571,520,520
7,1,209,0,0,0,0,0,0,0,0,0,0,0,0,214,380,380
175,12,208,0,0,0,0,0,0,0,0,0,0,0,0,213,49,50
591,10,183,1,1,0,0,0,0,0,0,0,0,0,0,194,544,544
13,5,230,0,0,0,0,0,0,0,0,0,0,0,0,248,443,443
168,5,577,0,0,0,0,0,0,0,0,0,0,0,0,526,570,571
113,5,313,1,0,0,0,0,1,1,0,0,0,0,0,356,298,298
12,5,419,1,0,0,0,0,1,1,0,0,0,0,0,488,540,540
145,1,597,0,0,0,0,0,0,0,0,0,0,0,0,484,3,3
260,5,424,1,0,0,0,0,1,1,0,0,0,0,0,494,321,321
195,5,124,1,1,0,0,0,1,1,0,0,0,0,0,127,292,292
559,6,24,0,0,0,0,0,0,0,0,0,0,0,0,393,185,185
509,10,192,1,1,0,1,0,0,0,0,0,0,0,0,203,421,421
263,9,49,1,1,0,0,1,1,0,0,1,0,0,0,29,133,133
258,12,174,0,0,0,0,0,0,0,0,0,0,0,0,184,313,313
348,5,26,0,0,0,0,0,0,0,0,0,0,0,0,513,547,547
303,7,437,1,0,0,0,0,1,1,1,0,0,0,0,511,461,461
499,10,80,0,0,0,0,0,0,0,0,0,0,0,0,61,36,36
519,10,404,1,1,0,0,1,0,0,0,0,0,0,0,468,345,345
216,6,569,0,0,0,0,0,0,0,0,0,0,0,0,467,315,315
194,5,347,0,0,0,0,0,0,0,0,0,0,0,0,399,142,142
83,7,289,1,0,0,0,0,1,1,0,0,0,0,0,320,323,323
324,5,362,0,0,0,0,0,0,0,0,0,0,0,0,418,509,510
133,12,332,0,0,0,0,0,0,0,0,0,0,0,0,381,411,411
101,5,84,0,0,0,0,0,0,0,0,0,0,0,0,71,105,105
470,1,456,1,1,0,0,1,0,0,0,0,0,0,0,534,174,174
490,5,398,1,1,0,0,0,0,0,0,0,0,0,0,459,89,89
331,5,363,0,0,0,0,0,0,0,0,0,0,0,0,419,513,514
439,0,475,0,0,0,0,0,0,0,0,0,0,0,0,558,470,470
300,5,89,0,0,0,0,0,0,0,0,0,0,0,0,78,116,116
459,5,467,0,0,0,0,0,0,0,0,0,0,0,0,549,386,386
520,4,433,1,1,0,1,0,0,0,0,0,0,0,0,507,28,28
75,5,252,0,0,0,0,0,0,0,0,0,0,0,0,274,293,293
396,5,334,1,1,0,1,0,0,0,0,0,0,0,0,383,468,468
444,7,527,0,0,0,0,0,0,0,0,0,0,0,0,222,249,249
232,12,178,0,0,0,0,0,0,0,0,0,0,0,0,188,348,348
313,7,516,1,1,0,1,0,0,0,0,0,0,0,0,92,182,182
80,7,517,1,1,0,1,0,0,0,0,0,0,0,0,93,274,274
254,4,555,1,1,0,1,0,0,0,0,0,0,0,0,370,155,155
314,5,127,0,0,0,0,0,0,0,0,0,0,0,0,130,434,434
123,7,108,1,1,0,0,1,0,0,0,0,0,0,0,108,83,82
93,5,512,1,0,0,0,0,1,1,0,0,0,0,0,80,119,119
121,9,41,0,0,0,0,0,0,0,0,0,0,0,0,13,12,12
233,11,484,0,0,0,0,0,0,0,0,0,0,0,0,568,590,590
117,7,264,1,1,0,0,1,1,1,0,0,0,0,0,295,109,109
241,5,239,0,0,0,0,0,0,0,0,0,0,0,0,257,268,268
139,1,125,0,0,0,0,0,0,0,0,0,0,0,0,128,493,493
161,5,565,0,0,0,0,0,0,0,0,0,0,0,0,441,125,125
67,12,173,1,1,0,0,0,0,0,0,0,0,0,0,183,312,312
26,5,538,0,0,0,0,0,0,0,0,0,0,0,0,294,63,63
301,2,595,0,0,0,0,0,0,0,0,0,0,0,0,358,432,432
571,10,200,1,1,0,0,0,0,0,0,0,0,0,0,205,247,247
228,7,382,0,0,0,0,0,0,0,0,0,0,0,0,436,270,270
312,5,130,0,0,0,0,0,0,0,0,0,0,0,0,133,154,154
116,5,296,0,0,0,0,0,0,0,0,0,0,0,0,332,362,362
36,1,257,1,1,0,0,0,0,0,0,0,0,0,0,285,85,85
397,5,342,0,0,0,0,0,0,0,0,0,0,0,0,394,473,473
550,7,29,1,1,0,0,1,0,0,0,0,0,0,0,81,121,121
292,9,188,1,1,0,0,1,0,0,0,0,0,0,0,199,580,580
365,5,375,0,0,0,0,0,0,0,0,0,0,0,0,427,81,81
446,5,290,1,1,0,0,1,0,0,0,0,0,0,0,323,286,286
595,6,550,0,0,0,0,0,0,0,0,0,0,0,0,351,399,399
246,5,265,0,0,0,0,0,0,0,0,0,0,0,0,298,352,352
245,12,90,0,0,0,0,0,0,0,0,0,0,0,0,79,118,118
564,10,377,0,0,0,0,0,0,0,0,0,0,0,0,429,106,106
172,5,379,0,0,0,0,0,0,0,0,0,0,0,0,431,157,157
361,5,33,0,0,0,0,0,0,0,0,0,0,0,0,0,201,202
279,7,135,0,0,0,0,0,0,0,0,0,0,0,0,139,550,550
328,1,415,1,1,0,0,0,0,0,0,0,0,0,0,482,224,224
527,9,358,1,1,0,0,1,0,0,0,0,0,0,0,473,40,41
438,5,596,0,0,0,0,0,0,0,0,0,0,0,0,417,506,507
68,5,497,0,0,0,0,0,0,0,0,0,0,0,0,593,573,573
225,1,154,0,0,0,0,0,0,0,0,0,0,0,0,160,542,542
298,1,310,1,1,0,1,1,0,0,0,0,0,0,0,349,392,392
383,12,52,1,1,0,1,0,0,0,0,0,0,0,0,32,21,21
481,5,261,1,1,0,0,0,0,0,0,0,0,0,0,291,193,193
468,12,58,0,0,0,0,0,0,0,0,0,0,0,0,37,452,445
315,2,385,1,1,0,0,1,0,0,0,0,0,0,0,439,368,368
599,6,275,0,0,0,0,0,0,0,0,0,0,0,0,309,74,74
18,1,146,0,0,0,0,0,0,0,0,0,0,0,0,151,7,7
359,7,539,1,0,0,0,0,1,1,0,0,0,0,0,281,486,486
271,5,423,0,0,0,0,0,0,0,0,0,0,0,0,492,259,259
508,10,472,0,0,0,0,0,0,0,0,0,0,0,0,555,170,170
505,10,474,1,1,0,1,0,0,0,0,0,0,0,0,556,396,396
119,5,168,0,0,0,0,0,0,0,0,0,0,0,0,177,560,560
226,5,364,0,0,0,0,0,0,0,0,0,0,0,0,416,510,511
8,2,427,0,0,0,0,0,0,0,0,0,0,0,0,497,553,553
590,2,468,0,0,0,0,0,0,0,0,0,0,0,0,550,6,6
529,10,380,1,1,0,0,1,0,0,0,0,0,0,0,432,165,165
11,5,493,1,0,0,0,0,1,1,0,0,0,0,0,586,264,264
423,5,294,0,0,0,0,0,0,0,0,0,0,0,0,331,199,200
510,9,490,1,1,0,1,0,0,0,0,0,0,0,0,583,466,466
22,12,409,0,0,0,0,0,0,0,0,0,0,0,0,493,269,269
492,10,502,0,0,0,0,0,0,0,0,0,0,0,0,19,372,372
479,5,226,0,0,0,0,0,0,0,0,0,0,0,0,240,15,15
160,1,9,0,0,0,0,0,0,0,0,0,0,0,0,587,267,267
167,7,28,0,0,0,0,0,0,0,0,0,0,0,0,275,299,299
281,5,501,0,0,0,0,0,0,0,0,0,0,0,0,16,398,398
34,7,330,0,0,0,0,0,0,0,0,0,0,0,0,379,324,324
598,10,206,1,1,0,1,0,0,0,0,0,0,0,0,209,262,262
399,7,103,0,0,0,0,0,0,0,0,0,0,0,0,101,143,143
272,1,75,1,1,0,0,0,0,0,0,0,0,0,0,64,261,261
507,0,116,0,0,0,0,0,0,0,0,0,0,0,0,117,202,203
392,1,276,1,1,0,0,0,0,0,0,0,0,0,0,310,347,347
472,9,535,0,0,0,0,0,0,0,0,0,0,0,0,277,308,308
46,7,392,1,0,0,0,0,1,1,0,0,0,0,0,449,467,467
521,10,558,1,1,0,1,0,0,0,0,0,0,0,0,389,186,186
447,12,68,0,0,0,0,0,0,0,0,0,0,0,0,52,60,60
9,5,461,0,0,0,0,0,0,0,0,0,0,0,0,540,551,551
371,5,57,1,0,0,0,0,1,1,0,0,0,0,0,49,51,52
585,6,94,1,1,0,0,0,0,0,0,0,0,0,0,87,128,128
400,12,525,1,1,0,1,0,0,0,0,0,0,0,0,150,9,9
151,1,485,1,1,0,0,1,0,0,0,0,0,0,0,572,587,587
192,12,147,0,0,0,0,0,0,0,0,0,0,0,0,152,10,10
50,1,60,1,0,0,0,0,1,0,0,0,0,1,0,41,505,505
220,10,406,1,1,1,1,0,0,0,0,0,0,0,0,470,465,465
214,1,359,0,0,0,0,0,0,0,0,0,0,0,0,409,498,498
516,7,343,0,0,0,0,0,0,0,0,0,0,0,0,395,477,477
372,5,148,0,0,0,0,0,0,0,0,0,0,0,0,153,402,402
421,1,511,0,0,0,0,0,0,0,0,0,0,0,0,73,108,108
498,10,407,1,1,0,1,0,0,0,0,0,0,0,0,471,183,183
576,10,100,0,0,0,0,0,0,0,0,0,0,0,0,100,561,561
125,4,524,1,1,0,1,0,0,0,0,0,0,0,0,142,172,172
56,1,126,1,0,0,0,0,1,0,0,0,0,1,0,129,296,296
158,2,307,1,0,0,0,0,1,1,0,0,0,0,0,346,384,384
287,5,44,0,0,0,0,0,0,0,0,0,0,0,0,17,366,366
190,5,19,0,0,0,0,0,0,0,0,0,0,0,0,9,5,5
522,7,304,0,0,0,0,0,0,0,0,0,0,0,0,340,365,365
581,6,219,1,1,0,1,0,0,0,0,0,0,0,0,230,420,420
115,12,298,0,0,0,0,0,0,0,0,0,0,0,0,338,236,236
310,7,63,0,0,0,0,0,0,0,0,0,0,0,0,45,46,47
552,7,149,0,0,0,0,0,0,0,0,0,0,0,0,154,56,56
124,1,165,1,1,0,0,0,0,0,0,0,0,0,0,174,241,241
53,7,435,0,0,0,0,0,0,0,0,0,0,0,0,509,538,538
402,7,8,1,0,0,0,0,1,1,0,0,0,0,0,36,27,27
137,5,387,0,0,0,0,0,0,0,0,0,0,0,0,442,418,418
81,5,339,0,0,0,0,0,0,0,0,0,0,0,0,385,217,217
30,0,370,0,0,0,0,0,0,0,0,0,0,0,0,422,394,394
580,3,478,0,0,0,0,0,0,0,0,0,0,0,0,564,410,410
31,9,503,0,0,0,0,0,0,0,0,0,0,0,0,24,34,35
394,12,30,0,0,0,0,0,0,0,0,0,0,0,0,354,159,159
557,10,480,1,1,0,1,0,0,0,0,0,0,0,0,567,444,444
387,5,245,0,0,0,0,0,0,0,0,0,0,0,0,262,275,275
237,1,352,1,1,0,1,0,0,0,0,0,0,0,0,407,534,534
41,4,318,0,0,0,0,0,0,0,0,0,0,0,0,364,458,458
556,6,12,0,0,0,0,0,0,0,0,0,0,0,0,363,453,453
102,1,6,0,0,0,0,0,0,0,0,0,0,0,0,456,58,58
122,11,566,1,1,0,1,1,0,0,0,0,0,0,0,444,367,367
114,12,365,0,0,0,0,0,0,0,0,0,0,0,0,412,507,508
454,6,216,0,0,0,0,0,0,0,0,0,0,0,0,221,248,248
409,5,528,0,0,0,0,0,0,0,0,0,0,0,0,233,496,496
375,1,107,1,1,0,0,0,0,0,0,0,0,0,0,107,101,101
532,7,390,0,0,0,0,0,0,0,0,0,0,0,0,447,424,424
469,5,157,0,0,0,0,0,0,0,0,0,0,0,0,164,517,517
10,1,0,1,1,0,0,1,0,0,0,0,0,0,0,94,425,425
39,5,260,0,0,0,0,0,0,0,0,0,0,0,0,290,66,66
487,4,430,1,1,0,0,0,0,0,0,0,0,0,0,502,215,215
476,12,451,0,0,0,0,0,0,0,0,0,0,0,0,532,449,450
224,5,519,0,0,0,0,0,0,0,0,0,0,0,0,116,198,199
45,5,545,0,0,0,0,0,0,0,0,0,0,0,0,329,129,129
164,1,248,1,0,0,0,0,1,1,0,0,0,0,0,265,279,279
33,5,530,1,1,0,0,0,0,0,0,0,0,0,0,242,162,162
213,5,96,0,0,0,0,0,0,0,0,0,0,0,0,95,130,130
349,6,69,1,1,0,0,1,0,0,0,0,0,0,0,53,483,483
306,5,207,0,0,0,0,0,0,0,0,0,0,0,0,212,481,481
351,4,561,0,0,0,0,0,0,0,0,0,0,0,0,408,497,497
500,11,39,0,0,0,0,0,0,0,0,0,0,0,0,11,326,326
42,1,4,1,1,0,0,0,0,0,0,0,0,0,0,155,38,38
491,7,138,0,0,0,0,0,0,0,0,0,0,0,0,143,401,401
524,10,443,1,1,0,1,0,0,0,0,0,0,0,0,520,568,568
78,5,500,1,0,0,0,0,1,1,0,0,0,0,0,6,526,526
249,8,179,0,0,0,0,0,0,0,0,0,0,0,0,189,426,426
514,10,158,1,1,0,1,0,0,0,0,0,0,0,0,161,76,76
166,5,452,0,0,0,0,0,0,0,0,0,0,0,0,531,197,197
182,5,45,0,0,0,0,0,0,0,0,0,0,0,0,18,252,252
48,7,312,1,0,0,0,0,1,1,0,0,0,0,0,355,427,427
202,1,458,1,1,0,0,0,0,0,0,0,0,0,0,536,564,564
427,7,215,1,1,0,1,1,0,0,0,0,0,0,0,220,523,523
369,5,70,1,1,0,0,0,0,0,0,0,0,0,0,54,388,388
320,6,336,1,1,0,1,0,0,0,0,0,0,0,0,386,430,430
316,5,249,1,0,0,0,0,1,1,0,0,0,0,0,266,285,285
85,9,153,1,1,0,1,1,0,0,0,0,0,0,0,159,419,419
573,10,156,1,1,0,0,1,0,0,0,0,0,0,0,163,189,189
578,10,523,0,0,0,0,0,0,0,0,0,0,0,0,145,408,408
343,1,482,0,0,0,0,0,0,0,0,0,0,0,0,568,590,590
44,5,556,1,0,0,0,0,1,1,0,0,0,0,0,375,266,266
340,7,180,0,0,0,0,0,0,0,0,0,0,0,0,190,454,454
236,10,581,1,0,0,0,0,1,1,0,0,0,0,0,560,45,46
388,5,133,1,1,0,0,0,0,0,0,0,0,0,0,137,524,524
222,5,203,1,0,0,0,0,1,1,0,0,0,0,0,210,20,20
391,3,95,0,0,0,0,0,0,0,0,0,0,0,0,91,75,75
547,10,432,1,1,0,1,1,0,0,0,0,0,0,0,506,29,29
177,1,412,0,0,0,0,0,0,0,0,0,0,0,0,478,221,221
156,7,399,1,1,0,0,0,0,0,0,0,0,0,0,461,379,379
285,12,331,1,0,0,0,0,1,1,0,0,0,0,0,380,113,113
129,7,422,0,0,0,0,0,0,0,0,0,0,0,0,491,422,422
330,5,471,0,0,0,0,0,0,0,0,0,0,0,0,554,195,195
141,1,425,1,1,0,0,0,0,0,0,0,0,0,0,495,331,331
417,6,568,0,0,0,0,0,0,0,0,0,0,0,0,464,569,569
327,1,141,1,1,0,0,0,0,0,0,0,0,0,0,147,220,220
326,1,228,0,0,0,0,0,0,0,0,0,0,0,0,245,64,64
76,12,366,0,0,0,0,0,0,0,0,0,0,0,0,413,511,512
353,5,463,0,0,0,0,0,0,0,0,0,0,0,0,545,448,449
153,5,428,0,0,0,0,0,0,0,0,0,0,0,0,499,552,552
561,10,205,1,1,0,1,0,0,0,0,0,0,0,0,207,363,363
533,10,498,1,0,0,0,0,1,1,0,0,0,0,0,594,576,576
451,1,381,0,0,0,0,0,0,0,0,0,0,0,0,433,206,206
25,1,541,1,1,0,0,1,0,0,0,0,0,0,0,296,318,318
416,5,589,0,0,0,0,0,0,0,0,0,0,0,0,588,354,354
364,1,274,1,1,0,0,1,1,0,0,0,0,0,0,308,525,525
401,5,224,0,0,0,0,0,0,0,0,0,0,0,0,237,356,356
597,10,32,0,0,0,0,0,0,0,0,0,0,0,0,5,490,490
127,5,241,1,1,0,1,0,1,1,0,0,0,0,0,270,535,535
318,5,263,1,1,0,1,0,1,1,0,0,0,0,0,293,65,65
442,5,371,1,1,0,0,0,0,0,0,0,0,0,0,423,554,554
203,1,277,1,1,0,0,0,0,0,0,0,0,0,0,311,350,350
342,5,580,0,0,0,0,0,0,0,0,0,0,0,0,559,158,158
211,10,316,1,1,0,1,0,0,0,0,0,0,0,0,360,439,437
264,12,83,1,1,0,0,1,0,0,0,0,0,0,0,70,100,100
541,10,439,1,1,0,0,0,0,0,0,0,0,0,0,516,548,548
302,4,543,1,0,0,0,0,1,1,1,0,0,0,0,313,136,136
430,5,344,0,0,0,0,0,0,0,0,0,0,0,0,396,482,482
250,6,113,0,0,0,0,0,0,0,0,0,0,0,0,115,204,198
587,10,548,1,1,0,1,1,0,0,0,0,0,0,0,344,474,474
86,5,440,0,0,0,0,0,0,0,0,0,0,0,0,517,256,256
32,5,129,0,0,0,0,0,0,0,0,0,0,0,0,132,255,255
94,1,182,1,1,0,0,0,0,0,0,0,0,0,0,192,522,522
480,7,21,0,0,0,0,0,0,0,0,0,0,0,0,267,8,8
570,5,46,1,1,0,1,0,0,0,0,0,0,0,0,20,370,370
84,7,27,0,0,0,0,0,0,0,0,0,0,0,0,574,590,590
223,5,537,0,0,0,0,0,0,0,0,0,0,0,0,279,314,314
294,10,311,1,1,0,1,0,0,0,0,0,0,0,0,361,439,437
91,12,278,1,0,0,0,0,1,1,0,0,0,0,0,312,351,351
588,10,71,1,1,0,0,1,0,0,0,0,0,0,0,55,69,69
435,5,459,1,1,0,1,0,0,0,0,0,0,0,0,537,94,94
17,7,164,1,0,0,0,0,1,1,0,0,0,0,0,173,233,233
290,7,438,1,1,0,1,0,0,0,0,0,0,0,0,514,397,397
582,10,400,0,0,0,0,0,0,0,0,0,0,0,0,462,369,369
49,12,464,1,1,0,1,1,0,0,0,0,0,0,0,547,72,72
154,12,434,1,0,0,0,0,1,1,0,0,0,0,0,508,335,335
586,9,237,1,1,0,0,1,0,0,0,0,0,0,0,253,124,124
66,5,588,1,1,0,0,0,0,0,0,0,0,0,0,582,84,84
434,5,361,0,0,0,0,0,0,0,0,0,0,0,0,411,515,506
565,10,360,1,1,0,0,0,0,0,0,0,0,0,0,410,499,499
293,5,255,0,0,0,0,0,0,0,0,0,0,0,0,282,322,322
276,12,495,0,0,0,0,0,0,0,0,0,0,0,0,591,455,455
19,5,31,1,1,0,0,0,0,0,0,0,0,0,0,401,330,330
